date,person ,risk,potential,ben_bet,gabe_bet,ben_line,outcome,money_outcome,over_under,category,settled
8/25/2017,gabe,100,100,florida_rank,michigan_rank,NA,P,0,NA,cfb_season,yes
8/25/2017,gabe,100,100,fantasty_football,fantasy_football,NA,L,-100,NA,fantasy_football,yes
8/30/2017,gabe,20,20,florida,michigan,3.5,L,-20,NA,cfb,yes
8/30/2017,gabe,20,20,alabama,fsu,-7,W,20,NA,cfb,yes
8/30/2017,gabe,20,20,vanderbilt,mtsu,-3.5,W,20,NA,cfb,yes
8/30/2017,gabe,20,20,texas_a&m,ucla,4,W,20,NA,cfb,yes
8/30/2017,gabe,20,20,viriniga_tech,west_virginia,-4,W,20,NA,cfb,yes
8/30/2017,gabe,20,20,byu,lsu,16.5,L,-20,NA,cfb,yes
8/30/2017,gabe,20,20,houston,texas_sa,-11,P,0,NA,cfb,yes
8/30/2017,gabe,20,20,southern_miss,kentucky,10,W,20,NA,cfb,yes
8/30/2017,gabe,20,20,gerogia,app_state,-14.5,W,20,NA,cfb,yes
8/30/2017,gabe,20,20,olemiss,south_alabama,-23.5,L,-20,NA,cfb,yes
9/8/2017,gabe,20,20,nebraska,oregon,13.5,W,20,NA,cfb,yes
9/8/2017,gabe,20,20,cinn,michigan,34,W,20,NA,cfb,yes
9/8/2017,gabe,20,20,unc,louisville,9.5,L,-20,NA,cfb,yes
9/8/2017,gabe,20,20,pitt,penn_state,21,W,20,NA,cfb,yes
9/8/2017,gabe,20,20,alabama,fresnost,-44,L,-20,NA,cfb,yes
9/8/2017,gabe,20,20,arkansas,tcu,3,L,-20,NA,cfb,yes
9/8/2017,gabe,20,20,auburn,clemson,5,L,-20,NA,cfb,yes
9/8/2017,gabe,20,20,georgia,nd,5.5,W,20,NA,cfb,yes
9/8/2017,gabe,20,20,miss_state,louisiana_tech,-9.5,W,20,NA,cfb,yes
9/8/2017,gabe,20,20,ohio_state,oklahoma,-7.5,L,-20,NA,cfb,yes
9/8/2017,gabe,20,20,southern_cal,stanford,-5.5,W,20,NA,cfb,yes
9/10/2017,gabe,40,40,colts,rams,3.5,L,-40,NA,nfl,yes
9/10/2017,gabe,40,40,panthers,49ers,-4.5,W,40,NA,nfl,yes
9/10/2017,gabe,40,40,jets,bills,7.5,L,-40,NA,nfl,yes
9/10/2017,gabe,40,40,falcons,bears,-6.5,L,-40,NA,nfl,yes
9/10/2017,gabe,40,40,texans,jags,-5,L,-40,NA,nfl,yes
9/10/2017,gabe,40,40,eagles,redskins,-1,W,40,NA,nfl,yes
9/10/2017,gabe,40,40,cards,lions,-2.5,L,-40,NA,nfl,yes
9/10/2017,gabe,40,40,titans,raiders,-2.5,L,-40,NA,nfl,yes
9/10/2017,gabe,40,40,buccs,dolphins,-2.5,P,0,NA,nfl,yes
9/10/2017,gabe,40,40,browns,steelers,10,W,40,NA,nfl,yes
9/10/2017,gabe,40,40,packers,seahawks,-3,W,40,NA,nfl,yes
9/10/2017,gabe,40,40,giants,cowboys,4,L,-40,NA,nfl,yes
9/10/2017,gabe,40,40,vikings,saints,-3,W,40,NA,nfl,yes
9/10/2017,gabe,100,100,broncos,chargers,-2.5,W,100,NA,nfl,yes
9/16/2017,gabe,20,20,south_carolina,kentucky,-6.5,L,-20,NA,cfb,yes
9/16/2017,gabe,20,20,nd,bc,-13,W,20,NA,cfb,yes
9/16/2017,gabe,20,20,michigan,airforce,-23.5,L,-20,NA,cfb,yes
9/16/2017,gabe,20,20,ucla,memphis,-3,L,-20,NA,cfb,yes
9/16/2017,gabe,20,20,tennessee,florida,4.5,L,-20,NA,cfb,yes
9/16/2017,gabe,20,20,alabama,colorado_state,-28.5,L,-20,NA,cfb,yes
9/16/2017,gabe,20,20,miss_st,lsu,7.5,W,20,NA,cfb,yes
9/16/2017,gabe,20,20,vanderbilt,ksu,4,W,20,NA,cfb,yes
9/16/2017,gabe,20,20,texas,southern_cal,15.5,W,20,NA,cfb,yes
9/16/2017,gabe,20,20,ole_miss,cal,-3.5,L,-20,NA,cfb,yes
9/16/2017,gabe,20,20,louisville,clemson,3,L,-20,NA,cfb,yes
9/17/2017,gabe,20,20,titans,jags,-2,W,20,NA,nfl,yes
9/17/2017,gabe,20,20,browns,ravens,8,L,-20,NA,nfl,yes
9/17/2017,gabe,20,20,panthers,bills,-7,L,-20,NA,nfl,yes
9/17/2017,gabe,20,20,saints,pats,6.5,L,-20,NA,nfl,yes
9/17/2017,gabe,20,20,colts,cards,7,W,20,NA,nfl,yes
9/17/2017,gabe,20,20,chiefs,eagles,-5.5,W,20,NA,nfl,yes
9/17/2017,gabe,20,20,steelers,vikings,-6.5,W,20,NA,nfl,yes
9/17/2017,gabe,20,20,bears,buccs,7,L,-20,NA,nfl,yes
9/17/2017,gabe,20,20,dolphins,chargers,3.5,W,20,NA,nfl,yes
9/17/2017,gabe,20,20,jets,raiders,13.5,L,-20,NA,nfl,yes
9/17/2017,gabe,20,20,rams,redskins,-3,L,-20,NA,nfl,yes
9/17/2017,gabe,20,20,broncos,cowboys,2,W,20,NA,nfl,yes
9/17/2017,gabe,20,20,49ers,seahawks,14,W,20,NA,nfl,yes
9/17/2017,gabe,20,20,packers,falcons,3,L,-20,NA,nfl,yes
9/17/2017,gabe,20,20,lions,giants,3,W,20,NA,nfl,yes
9/23/2017,gabe,20,20,virginia,boise_state,13,W,20,NA,cfb,yes
9/23/2017,gabe,20,20,utah,arizona,-3.5,W,20,NA,cfb,yes
9/23/2017,gabe,20,20,wake_forest,app_state,-5,L,-20,NA,cfb,yes
9/23/2017,gabe,20,20,unc,duke,-2,L,-20,NA,cfb,yes
9/23/2017,gabe,20,20,purdue,michigan,10,L,-20,NA,cfb,yes
9/23/2017,gabe,20,20,gatech,pitt,-9,W,20,NA,cfb,yes
9/23/2017,gabe,20,20,iowa,penn_state,12.5,W,20,NA,cfb,yes
9/23/2017,gabe,20,20,bc,clemson,34,W,20,NA,cfb,yes
9/23/2017,gabe,20,20,ncstate,fsu,13,W,20,NA,cfb,yes
9/23/2017,gabe,20,20,missst,georgia,4.5,L,-20,NA,cfb,yes
9/23/2017,gabe,20,20,south_carolina,la_te,-9.5,L,-20,NA,cfb,yes
9/23/2017,gabe,20,20,florida,kentucky,-1.5,L,-20,NA,cfb,yes
9/23/2017,gabe,20,20,mich_state,nd,3.5,L,-20,NA,cfb,yes
9/23/2017,gabe,20,20,lsu,syracuse,-21,L,-20,NA,cfb,yes
9/23/2017,gabe,20,20,mizzou,auburn,18,L,-20,NA,cfb,yes
9/23/2017,gabe,20,20,vanderbilt,alabama,18.5,L,-20,NA,cfb,yes
9/23/2017,gabe,20,20,arkansas,texas_am,2.5,L,-20,NA,cfb,yes
9/24/2017,gabe,20,20,jags,ravens,3.5,W,20,NA,nfl,yes
9/24/2017,gabe,20,20,colts,browns,1.5,W,20,NA,nfl,yes
9/24/2017,gabe,20,20,steelers,bears,-7,L,-20,NA,nfl,yes
9/24/2017,gabe,20,20,jets,dolphins,6,W,20,NA,nfl,yes
9/24/2017,gabe,20,20,broncos,buffalo,-3,L,-20,NA,nfl,yes
9/24/2017,gabe,20,20,texans,pats,14,W,20,NA,nfl,yes
9/24/2017,gabe,20,20,panthers,saints,-5.5,L,-20,NA,nfl,yes
9/24/2017,gabe,20,20,vikings,buccs,-2,W,20,NA,nfl,yes
9/24/2017,gabe,20,20,falcons,lions,-3,W,20,NA,nfl,yes
9/24/2017,gabe,20,20,giants,eagles,6,W,20,NA,nfl,yes
9/24/2017,gabe,20,20,titans,seahawks,-2.5,W,20,NA,nfl,yes
9/24/2017,gabe,20,20,chiefs,chargers,-3,W,20,NA,nfl,yes
9/24/2017,gabe,20,20,bengals,packers,9,W,20,NA,nfl,yes
9/24/2017,gabe,20,20,raiders,redskins,-3,L,-20,NA,nfl,yes
9/24/2017,gabe,50,50,cards,cowboys,3,L,-50,NA,nfl,yes
9/30/2017,gabe,20,20,miami,duke,-6.5,W,20,NA,cfb,yes
9/30/2017,gabe,20,20,nebraska,illinois,-5.5,W,20,NA,cfb,yes
9/30/2017,gabe,20,20,southern_cal,washington,-5,W,20,NA,cfb,yes
9/30/2017,gabe,20,20,kentucky,east_michigan,-14.5,L,-20,NA,cfb,yes
9/30/2017,gabe,20,20,bc,central_michigan,-10,W,20,NA,cfb,yes
9/30/2017,gabe,20,20,iowa,mich_state,4.5,L,-20,NA,cfb,yes
9/30/2017,gabe,20,20,wake_forest,fsu,7.5,W,20,NA,cfb,yes
9/30/2017,gabe,20,20,south_carolina,texas_am,7.5,W,20,NA,cfb,yes
9/30/2017,gabe,20,20,florida,vanderbilt,-9,W,20,NA,cfb,yes
9/30/2017,gabe,20,20,tennessee,georgia,7.5,L,-20,NA,cfb,yes
9/30/2017,gabe,20,20,auburn,miss_state,-9,W,20,NA,cfb,yes
9/30/2017,gabe,20,20,georgia_tech,unc,-9.5,W,20,NA,cfb,yes
9/30/2017,gabe,20,20,ole_miss,alabama,27,L,-20,NA,cfb,yes
10/1/2017,gabe,20,20,dolphins,saints,3,L,-20,NA,nfl,yes
10/1/2017,gabe,20,20,pats,panthers,-9,L,-20,NA,nfl,yes
10/1/2017,gabe,20,20,cowboys,rams,-6.5,L,-20,NA,nfl,yes
10/1/2017,gabe,20,20,lions,vikings,2,W,20,NA,nfl,yes
10/1/2017,gabe,20,20,texans,titans,2.5,W,20,NA,nfl,yes
10/1/2017,gabe,20,20,jags,jets,-3,L,-20,NA,nfl,yes
10/1/2017,gabe,20,20,browns,bengals,3,L,-20,NA,nfl,yes
10/1/2017,gabe,20,20,steelers,ravens,-3,W,20,NA,nfl,yes
10/1/2017,gabe,20,20,falcons,bills,-8,L,-20,NA,nfl,yes
10/1/2017,gabe,20,20,buccs,giants,-3,L,-20,NA,nfl,yes
10/1/2017,gabe,20,20,eagles,chargers,1.5,W,20,NA,nfl,yes
10/1/2017,gabe,20,20,cards,49ers,-7,L,-20,NA,nfl,yes
10/1/2017,gabe,20,20,raiders,broncos,3,L,-20,NA,nfl,yes
10/1/2017,gabe,20,20,seahawks,colts,-13,W,20,NA,nfl,yes
10/1/2017,gabe,20,20,chiefs,redskins,-7,W,20,NA,nfl,yes
10/16/2017,gabe,50,50,titans,colts,-7,W,50,NA,nfl,yes
10/17/2017,gabe,40,40,houston,golden_state,9,W,40,NA,nba,yes
10/17/2017,gabe,40,40,celtics,cleveland,3.5,W,40,NA,nba,yes
10/17/2017,gabe,40,40,houston,memphis,-3,L,-40,NA,cfb,yes
10/17/2017,gabe,40,40,syracuse,miami,16.5,W,40,NA,cfb,yes
10/17/2017,gabe,40,40,georgia_tech,wake_forest,-6.5,W,40,NA,cfb,yes
10/17/2017,gabe,40,40,michigan,penn_state,9.5,L,-40,NA,cfb,yes
10/17/2017,gabe,40,40,unc,virginia_tech,21,L,-40,NA,cfb,yes
10/17/2017,gabe,40,40,maryland,wisconsin,24,L,-40,NA,cfb,yes
10/17/2017,gabe,40,40,miss_state,kentucky,-10.5,W,40,NA,cfb,yes
10/17/2017,gabe,40,40,ucla,oregon,-6.5,W,40,NA,cfb,yes
10/17/2017,gabe,40,40,illinois,minnesota,14,W,40,NA,cfb,yes
10/17/2017,gabe,40,40,tennessee,alabama,34.5,L,-40,NA,cfb,yes
10/17/2017,gabe,40,40,oklahoma_state,texas,-7,L,-40,NA,cfb,yes
10/17/2017,gabe,40,40,west_virginia,baylor,-9,L,-40,NA,cfb,yes
10/17/2017,gabe,40,40,arkansas,auburn,15.5,L,-40,NA,cfb,yes
10/17/2017,gabe,40,40,louisville,fsu,6.5,W,40,NA,cfb,yes
10/17/2017,gabe,40,40,nd,southern_cal,-3.5,W,40,NA,cfb,yes
10/17/2017,gabe,40,40,oklahoma,kansas_state,-14,L,-40,NA,cfb,yes
10/17/2017,gabe,40,40,lsu,ole_miss,-6.5,W,40,NA,cfb,yes
10/17/2017,gabe,40,40,chiefs,raiders,-3,L,-40,NA,nfl,yes
10/17/2017,gabe,40,40,titans,browns,-5.5,L,-40,NA,nfl,yes
10/17/2017,gabe,40,40,jags,colts,-3,W,40,NA,nfl,yes
10/17/2017,gabe,40,40,steelers,bengals,-5.5,W,40,NA,nfl,yes
10/17/2017,gabe,40,40,vikings,ravens,-5.5,W,40,NA,nfl,yes
10/17/2017,gabe,40,40,dolphins,jets,-3,P,0,NA,nfl,yes
10/17/2017,gabe,40,40,bills,buccs,-3,P,0,NA,nfl,yes
10/17/2017,gabe,40,40,panthers,bears,-3,L,-40,NA,nfl,yes
10/17/2017,gabe,40,40,saints,packers,-5.5,W,40,NA,nfl,yes
10/17/2017,gabe,40,40,cards,rams,3.5,L,-40,NA,nfl,yes
10/17/2017,gabe,40,40,cowboys,49ers,-6,W,40,NA,nfl,yes
10/17/2017,gabe,40,40,giants,seahawks,5.5,L,-40,NA,nfl,yes
10/17/2017,gabe,40,40,chargers,broncos,-1.5,W,40,NA,nfl,yes
10/17/2017,gabe,40,40,falcons,pats,3.5,L,-40,NA,nfl,yes
10/17/2017,gabe,70,70,eagles,redskins,-5.5,W,70,NA,nfl,yes
10/24/2017,gabe,30,30,magic,nets,-5,L,-30,NA,nba,yes
10/24/2017,gabe,30,30,cavs,bulls,-15.6,L,-30,NA,nba,yes
10/24/2017,gabe,30,30,knicks,celtics,7.5,L,-30,NA,nba,yes
10/24/2017,gabe,30,30,pacers,timberwolves,12,W,30,NA,nba,yes
10/24/2017,gabe,30,30,pelicans,trailblazers,5,L,-30,NA,nba,yes
10/24/2017,gabe,30,30,clippers,jazz,-4.5,W,30,NA,nba,yes
10/25/2017,gabe,20,20,pistons,timberwolves,-2.5,W,20,NA,nba,yes
10/25/2017,gabe,20,20,rockets,76ers,-3.5,L,-20,NA,nba,yes
10/25/2017,gabe,20,20,nuggets,hornets,-2,L,-20,NA,nba,yes
10/25/2017,gabe,20,20,cavs,nets,-7.5,L,-20,NA,nba,yes
10/25/2017,gabe,20,20,heat,spurs,4,L,-20,NA,nba,yes
10/25/2017,gabe,20,20,thunder,pacers,-13.5,W,20,NA,nba,yes
10/25/2017,gabe,20,20,mavericks,grizzlies,4,W,20,NA,nba,yes
10/25/2017,gabe,20,20,suns,jazz,7,W,20,NA,nba,yes
10/25/2017,gabe,20,20,lakers,wizards,6,W,20,NA,nba,yes
10/25/2017,gabe,20,20,warriors,raptors,-12,L,-20,NA,nba,yes
10/25/2017,gabe,20,20,fsu,bc,-3.5,L,-20,NA,cfb,yes
10/25/2017,gabe,20,20,nebraska,purdue,5.5,W,20,NA,cfb,yes
10/25/2017,gabe,20,20,tennessee,kentucky,4.5,W,20,NA,cfb,yes
10/25/2017,gabe,20,20,south_carolina,vanderbilt,-7,P,0,NA,cfb,yes
10/25/2017,gabe,20,20,louisville,wake_forest,-3,L,-20,NA,cfb,yes
10/25/2017,gabe,20,20,unc,miami,20.5,W,20,NA,cfb,yes
10/25/2017,gabe,20,20,michigan,rutgers,-24,L,-20,NA,cfb,yes
10/25/2017,gabe,20,20,pitt,virginia,-3,W,20,NA,cfb,yes
10/25/2017,gabe,20,20,clemson,georgia_tech,-14,P,0,NA,cfb,yes
10/25/2017,gabe,20,20,oklahoma_state,west_virginia,-7.5,W,20,NA,cfb,yes
10/25/2017,gabe,20,20,texas,baylor,-7.5,W,20,NA,cfb,yes
10/25/2017,gabe,20,20,florida,georgia,14,L,-20,NA,cfb,yes
10/25/2017,gabe,20,20,texas_tech,oklahoma,20,L,-20,NA,cfb,yes
10/25/2017,gabe,20,20,arkansas,ole_miss,3,W,20,NA,cfb,yes
10/25/2017,gabe,20,20,penn_state,ohio_state,6.5,W,20,NA,cfb,yes
10/25/2017,gabe,20,20,miss_state,texas_am,-1.5,W,20,NA,cfb,yes
10/25/2017,gabe,50,50,ravens,dolphins,-3,W,50,NA,nfl,yes
10/25/2017,gabe,20,20,browns,vikings,9.5,L,-20,NA,nfl,yes
10/25/2017,gabe,20,20,bears,saints,9,W,20,NA,nfl,yes
10/25/2017,gabe,20,20,falcons,jets,-4.5,W,20,NA,nfl,yes
10/25/2017,gabe,20,20,panthers,buccs,2,W,20,NA,nfl,yes
10/25/2017,gabe,20,20,eagles,49ers,-13,W,20,NA,nfl,yes
10/25/2017,gabe,20,20,raiders,bills,2.5,L,-20,NA,nfl,yes
10/25/2017,gabe,20,20,colts,bengals,10.5,W,20,NA,nfl,yes
10/25/2017,gabe,20,20,pats,chargers,-7,W,20,NA,nfl,yes
10/25/2017,gabe,20,20,seahawks,texans,-5.5,L,-20,NA,nfl,yes
10/25/2017,gabe,20,20,cowboys,redskins,-2.5,W,20,NA,nfl,yes
10/25/2017,gabe,20,20,lions,steelers,3,L,-20,NA,nfl,yes
10/25/2017,gabe,20,20,chiefs,broncos,-7,W,20,NA,nfl,yes
10/27/2017,gabe,50,50,raptors,lakers,-6,W,50,NA,nba,yes
10/30/2017,gabe,40,40,under,over,215.5,L,-40,timberwolves_heat,nba,yes
10/30/2017,gabe,40,40,over,under,212.5,L,-40,raptors_trailblazers,nba,yes
11/1/2017,gabe,20,20,pacers,kings,-5,W,20,NA,nba,yes
11/1/2017,gabe,20,20,nets,suns,-5,L,-20,NA,nba,yes
11/1/2017,gabe,20,20,thunder,bucks,-1.5,W,20,NA,nba,yes
11/1/2017,gabe,20,20,lakers,pistons,4.5,W,20,NA,nba,yes
11/1/2017,gabe,20,20,wizards,suns,-12,L,-20,NA,nba,yes
11/1/2017,gabe,20,20,bucks,hornets,3,L,-20,NA,nba,yes
11/1/2017,gabe,20,20,hawks,76ers,10,P,0,NA,nba,yes
11/1/2017,gabe,20,20,cavs,pacers,-10,L,-20,NA,nba,yes
11/1/2017,gabe,20,20,celtics,kings,-11,W,20,NA,nba,yes
11/1/2017,gabe,20,20,over,under,50,L,-20,saints_buccs,nfl,yes
11/1/2017,gabe,20,20,jets,bills,3,W,20,NA,nfl,yes
11/1/2017,gabe,20,20,broncos,eagles,8,L,-20,NA,nfl,yes
11/1/2017,gabe,20,20,giants,rams,3.5,L,-20,NA,nfl,yes
11/1/2017,gabe,20,20,saints,buccs,-7,W,20,NA,nfl,yes
11/1/2017,gabe,20,20,jags,bengals,-4.5,W,20,NA,nfl,yes
11/1/2017,gabe,20,20,falcons,panthers,2,L,-20,NA,nfl,yes
11/1/2017,gabe,20,20,texans,colts,-13,L,-20,NA,nfl,yes
11/1/2017,gabe,20,20,ravens,titans,5.5,W,20,NA,nfl,yes
11/1/2017,gabe,20,20,49ers,cards,2,L,-20,NA,nfl,yes
11/1/2017,gabe,20,20,redskins,seahawks,-7.5,L,-20,NA,nfl,yes
11/1/2017,gabe,20,20,chiefs,cowboys,0,L,-20,NA,nfl,yes
11/1/2017,gabe,20,20,raiders,dolphins,-3,P,0,NA,nfl,yes
11/1/2017,gabe,20,20,lions,packers,-2.5,W,20,NA,nfl,yes
11/1/2017,gabe,40,40,over,under,198,W,40,kings_celtics,nba,yes
11/1/2017,gabe,40,40,under,over,227,L,-40,wizards_suns,nba,yes
11/1/2017,gabe,40,40,under,over,203.5,W,40,magic_grizzlies,nba,yes
11/1/2017,gabe,40,40,over,under,42,W,40,jets_bills,nfl,yes
11/3/2017,gabe,20,20,ole_miss,kentucky,4,W,20,NA,cfb,yes
11/3/2017,gabe,20,20,fsu,syracuse,-6,L,-20,NA,cfb,yes
11/3/2017,gabe,20,20,nebraska,northwestern,-1,L,-20,NA,cfb,yes
11/3/2017,gabe,20,20,iowa,ohio_state,18,W,20,NA,cfb,yes
11/3/2017,gabe,20,20,miami,virginia_tech,2.5,W,20,NA,cfb,yes
11/3/2017,gabe,20,20,texas_a&m,auburn,15,P,0,NA,cfb,yes
11/3/2017,gabe,20,20,south_carolina,georgia,23.5,W,20,NA,cfb,yes
11/3/2017,gabe,20,20,michigan,minnesota,-15.5,W,20,NA,cfb,yes
11/3/2017,gabe,20,20,oklahoma_state,oklahoma,-2.5,L,-20,NA,cfb,yes
11/3/2017,gabe,20,20,wake_forest,nd,14,W,20,NA,cfb,yes
11/3/2017,gabe,20,20,florida,mizzou,3,L,-20,NA,cfb,yes
11/3/2017,gabe,20,20,lsu,alabama,21,W,20,NA,cfb,yes
11/3/2017,gabe,20,20,michigan_state,penn_state,9.5,W,20,NA,cfb,yes
11/3/2017,gabe,20,20,stanford,washington_state,2,L,-20,NA,cfb,yes
11/3/2017,gabe,20,20,cavs,wizards,-3.5,W,20,NA,nba,yes
11/3/2017,gabe,20,20,magic,bulls,-7.5,L,-20,NA,nba,yes
11/3/2017,gabe,20,20,bucks,pistons,1.5,L,-20,NA,nba,yes
11/3/2017,gabe,20,20,pacers,76ers,5,L,-20,NA,nba,yes
11/3/2017,gabe,20,20,hawks,rockets,9,L,-20,NA,nba,yes
11/3/2017,gabe,20,20,knicks,suns,-4.5,W,20,NA,nba,yes
11/3/2017,gabe,20,20,spurs,hornets,-4.5,W,20,NA,nba,yes
11/3/2017,gabe,20,20,mavs,pelicans,4.5,L,-20,NA,nba,yes
11/3/2017,gabe,20,20,raptors,jazz,1.5,W,20,NA,nba,yes
11/3/2017,gabe,20,20,over,under,63,L,-20,marchall_floridaatlatic,cfb,yes
11/9/2017,gabe,40,40,lakers,wizards,10.5,L,-40,NA,nba,yes
11/9/2017,gabe,40,40,pelicans,raptors,5.5,W,40,NA,nba,yes
11/9/2017,gabe,40,40,rockets,cavs,-6,L,-40,NA,nba,yes
11/9/2017,gabe,40,40,76ers,kings,-6.5,L,-40,NA,nba,yes
11/9/2017,gabe,40,40,thunder,nuggets,-1.5,L,-40,NA,nba,yes
11/10/2017,gabe,30,30,washington,stanford,-6,L,-30,NA,cfb,yes
11/10/2017,gabe,30,30,unlv,byu,-4.5,L,-30,NA,cfb,yes
11/10/2017,gabe,30,30,michigan,maryland,-17,W,30,NA,cfb,yes
11/10/2017,gabe,30,30,south_carolina,florida,-6,W,30,NA,cfb,yes
11/10/2017,gabe,30,30,virginia_tech,georgia_tech,-3,L,-30,NA,cfb,yes
11/10/2017,gabe,30,30,boston_college,nc_state,3,P,0,NA,cfb,yes
11/10/2017,gabe,30,30,wake_forest,syracuse,1,W,30,NA,cfb,yes
11/10/2017,gabe,30,30,rutgers,penn_state,31,W,30,NA,cfb,yes
11/10/2017,gabe,30,30,michigan_state,ohio_state,17,L,-30,NA,cfb,yes
11/10/2017,gabe,30,30,illinois,indiana,8,L,-30,NA,cfb,yes
11/10/2017,gabe,30,30,west_virginia,kansas_state,2.5,W,30,NA,cfb,yes
11/10/2017,gabe,30,30,oklahoma,tcu,-6.5,W,30,NA,cfb,yes
11/10/2017,gabe,30,30,louisville,virginia,-11.5,W,30,NA,cfb,yes
11/10/2017,gabe,30,30,miami,nd,-3.5,W,30,NA,cfb,yes
11/10/2017,gabe,30,30,nebraska,minnesota,2.5,L,-30,NA,cfb,yes
11/10/2017,gabe,30,30,miss_state,alabama,14,W,30,NA,cfb,yes
11/10/2017,gabe,30,30,southern_cal,colorado,-12.5,W,30,NA,cfb,yes
11/10/2017,gabe,30,30,georgia,auburn,-2.5,L,-30,NA,cfb,yes
11/10/2017,gabe,30,30,tennessee,mizzou,12,L,-30,NA,cfb,yes
11/10/2017,gabe,30,30,kentucky,vanderbilt,2,W,30,NA,cfb,yes
11/10/2017,gabe,30,30,clemson,fsu,-16,W,30,NA,cfb,yes
11/10/2017,gabe,30,30,arkansas,lsu,17,L,-30,NA,cfb,yes
11/10/2017,gabe,30,30,vikings,redskins,-1.5,W,30,NA,nfl,yes
11/10/2017,gabe,30,30,packers,bears,-5.5,W,30,NA,nfl,yes
11/10/2017,gabe,30,30,colts,steelers,10,W,30,NA,nfl,yes
11/10/2017,gabe,30,30,chargers,jags,3.5,W,30,NA,nfl,yes
11/10/2017,gabe,30,30,buccs,jets,2.5,W,30,NA,nfl,yes
11/10/2017,gabe,30,30,titans,bengals,-4.5,L,-30,NA,nfl,yes
11/10/2017,gabe,30,30,bills,saints,3,L,-30,NA,nfl,yes
11/10/2017,gabe,30,30,lions,browns,-11,W,30,NA,nfl,yes
11/10/2017,gabe,30,30,texans,rams,11.5,L,-30,NA,nfl,yes
11/10/2017,gabe,30,30,falcons,cowboys,-3,W,30,NA,nfl,yes
11/10/2017,gabe,30,30,49ers,giants,2.5,W,30,NA,nfl,yes
11/10/2017,gabe,30,30,over,under,40,L,-30,broncos_pats,nfl,yes
11/10/2017,gabe,30,30,broncos,pats,7.5,L,-30,NA,nfl,yes
11/10/2017,gabe,60,60,panthers,dolphins,-9,W,60,NA,nfl,yes
11/14/2017,gabe,50,50,raptors,rockets,8.5,W,50,NA,nba,yes
11/15/2017,gabe,20,20,wizards,heat,1,W,20,NA,nba,yes
11/15/2017,gabe,20,20,knicks,jazz,-4,W,20,NA,nba,yes
11/15/2017,gabe,20,20,hawks,kings,-4.5,W,20,NA,nba,yes
11/15/2017,gabe,20,20,spurs,timberwolves,5.5,L,-20,NA,nba,yes
11/15/2017,gabe,20,20,cavs,hornets,-1.5,W,20,NA,nba,yes
11/15/2017,gabe,20,20,pelicans,raptors,-3,L,-20,NA,nba,yes
11/15/2017,gabe,20,20,thunder,bulls,-12,W,20,NA,nba,yes
11/15/2017,gabe,20,20,pacers,grizzlies,3.5,W,20,NA,nba,yes
11/15/2017,gabe,20,20,bucks,pistons,-4,P,0,NA,nba,yes
11/15/2017,gabe,20,20,76ers,lakers,-3,W,20,NA,nba,yes
11/15/2017,gabe,20,20,over,under,146.5,W,30,valporaiso_selouisiana,cbb,yes
11/15/2017,gabe,20,20,over,under,163,W,30,ballstate_oklahoma,cbb,yes
11/15/2017,gabe,30,30,over,under,151.5,W,30,indiana_setonhall,cbb,yes
11/15/2017,gabe,30,30,over,under,155,W,30,niagara_minn,cbb,yes
11/15/2017,gabe,30,30,under,over,62.5,L,-30,floridaint_floridaatlantic,cfb,yes
11/15/2017,gabe,30,30,under,over,71.5,W,30,syracuse_louisville,cfb,yes
11/18/2017,gabe,30,30,georgia,kentucky,-21.5,W,30,,cfb,yes
11/18/2017,gabe,30,30,georgia_tech,duke,-7,L,-30,,cfb,yes
11/18/2017,gabe,30,30,nc_state,wake_forest,1.5,L,-30,,cfb,yes
11/18/2017,gabe,30,30,louisville,syracuse,-13,W,30,,cfb,yes
11/18/2017,gabe,30,30,maryland,michigan_state,15.5,W,30,,cfb,yes
11/18/2017,gabe,30,30,okahoma,kansas,-37.5,W,30,,cfb,yes
11/18/2017,gabe,30,30,vanderbit,mizzou,8,L,-30,,cfb,yes
11/18/2017,gabe,30,30,washington,utah,-17.5,L,-30,,cfb,yes
11/18/2017,gabe,30,30,LSU,tennessee,-16,W,30,,cfb,yes
11/18/2017,gabe,30,30,navy,nd,18,W,30,,cfb,yes
11/18/2017,gabe,30,30,texas_a&m,oie_miss,-1.5,W,30,,cfb,yes
11/18/2017,gabe,30,30,lions,bears,-3,P,0,,nfl,yes
11/18/2017,gabe,30,30,chiefs,giants,-10,L,-30,,nfl,yes
11/18/2017,gabe,30,30,buccs,dolphins,0,W,30,,nfl,yes
11/18/2017,gabe,30,30,ravens,packers,-2,W,30,,nfl,yes
11/18/2017,gabe,30,30,rams,vikings,2.5,L,-30,,nfl,yes
11/18/2017,gabe,30,30,texans,cards,-2,W,30,,nfl,yes
11/18/2017,gabe,30,30,browns,jags,7.5,L,-30,,nfl,yes
11/18/2017,gabe,30,30,saints,redskins,-7.5,L,-30,,nfl,yes
11/18/2017,gabe,30,30,chargers,bills,-5.5,W,30,,nfl,yes
11/18/2017,gabe,30,30,broncos,bengas,-2.5,L,-30,,nfl,yes
11/18/2017,gabe,30,30,raiders,pats,7,L,-30,,nfl,yes
11/18/2017,gabe,30,30,eagles,cowboys,-5.5,W,30,,nfl,yes
11/18/2017,gabe,30,30,seahawks,falcons,-3,L,-30,,nfl,yes
11/22/2017,gabe,40,40,wizards,hornets,2.5,L,-40,,nba,yes
11/22/2017,gabe,40,40,cavs,nets,-10.5,L,-40,,nba,yes
11/22/2017,gabe,40,40,trailblazers,76ers,4,L,-40,,nba,yes
11/22/2017,gabe,40,40,hawks,clippers,2.5,L,-40,,nba,yes
11/22/2017,gabe,40,40,raptors,knicks,-4,L,-40,,nba,yes
11/22/2017,gabe,40,40,celtics,heat,-2,L,-40,,nba,yes
11/22/2017,gabe,40,40,timberwolves,magic,-7,L,-40,,nba,yes
11/22/2017,gabe,40,40,thunder,warrors,5.5,W,40,,nba,yes
11/22/2017,gabe,40,40,rockets,nuggets,-10,W,40,,nba,yes
11/22/2017,gabe,40,40,grizzlies,mavs,-5.5,L,-40,,nba,yes
11/22/2017,gabe,40,40,spurs,pelicans,1,L,-40,,nba,yes
11/22/2017,gabe,40,40,bulls,jazz,8.5,L,-40,,nba,yes
11/22/2017,gabe,40,40,bucks,suns,-5.5,L,-40,,nba,yes
11/22/2017,gabe,40,40,lakers,kings,0,L,-40,,nba,yes
11/22/2017,gabe,40,40,ole_miss,miss_state,15,W,40,,cfb,yes
11/22/2017,gabe,40,40,virginia_tech,virginia,-7,W,40,,cfb,yes
11/22/2017,gabe,40,40,arkansas,mizzou,10,W,40,,cfb,yes
11/22/2017,gabe,40,40,houston,navy,-4.5,W,40,,cfb,yes
11/22/2017,gabe,40,40,miami,pitt,-13.5,L,-40,,cfb,yes
11/22/2017,gabe,40,40,iowa,nebraska,-3.5,W,40,,cfb,yes
11/22/2017,gabe,40,40,texas_tech,texas,10,W,40,,cfb,yes
11/22/2017,gabe,40,40,ucla,cal,-7,L,-40,,cfb,yes
11/22/2017,gabe,40,40,syracuse,bc,3.5,L,-40,,cfb,yes
11/22/2017,gabe,40,40,michigan_state,rutgers,-13.5,W,40,,cfb,yes
11/22/2017,gabe,40,40,michigan,ohio_state,12,W,40,,cfb,yes
11/22/2017,gabe,40,40,unc,nc_state,16.5,W,40,,cfb,yes
11/22/2017,gabe,40,40,duke,wake_forest,12,W,40,,cfb,yes
11/22/2017,gabe,40,40,tennessee,vanderbilt,-1,L,-40,,cfb,yes
11/22/2017,gabe,40,40,louisville,kentucky,-10,W,40,,cfb,yes
11/22/2017,gabe,40,40,georgia_tech,georgia,11,L,-40,,cfb,yes
11/22/2017,gabe,40,40,penn_state,maryland,-22,W,40,,cfb,yes
11/22/2017,gabe,40,40,wisconsin,minnesota,-17,W,40,,cfb,yes
11/22/2017,gabe,40,40,nd,stanford,-2.5,L,-40,,cfb,yes
11/22/2017,gabe,40,40,clemson,south_carolina,-14,W,40,,cfb,yes
11/22/2017,gabe,40,40,texas_a&m,lsu,10.5,L,-40,,cfb,yes
11/22/2017,gabe,40,40,oklahoma_state,kansas,-41,P,0,,cfb,yes
11/22/2017,gabe,40,40,west_virginia,oklahoma,22.5,L,-40,,cfb,yes
11/22/2017,gabe,40,40,oregon_state,oregon,25,L,-40,,cfb,yes
11/22/2017,gabe,40,40,alabama,auburn,-4.5,L,-40,,cfb,yes
11/22/2017,gabe,40,40,florida,fsu,5,L,-40,,cfb,yes
11/22/2017,gabe,40,40,vikings,lions,-3,W,40,,nfl,yes
11/22/2017,gabe,40,40,cowboys,chargers,1.5,L,-40,,nfl,yes
11/22/2017,gabe,40,40,redskins,giants,-7,W,40,,nfl,yes
11/22/2017,gabe,40,40,bengals,browns,-8.5,W,40,,nfl,yes
11/22/2017,gabe,40,40,eagles,bears,-13.5,W,40,,nfl,yes
11/22/2017,gabe,40,40,pats,dolphins,-16.5,W,40,,nfl,yes
11/22/2017,gabe,40,40,bills,chiefs,10,W,40,,nfl,yes
11/22/2017,gabe,40,40,buccs,falcons,9.5,L,-40,,nfl,yes
11/22/2017,gabe,40,40,panthers,jets,-4.5,W,40,,nfl,yes
11/22/2017,gabe,40,40,titans,colts,-3,W,40,,nfl,yes
11/22/2017,gabe,40,40,seahawks,49ers,-6.5,W,40,,nfl,yes
11/22/2017,gabe,40,40,rams,saints,-2.5,W,40,,nfl,yes
11/22/2017,gabe,40,40,cards,jags,4.5,W,40,,nfl,yes
11/22/2017,gabe,40,40,broncos,raiders,5,L,-40,,nfl,yes
11/22/2017,gabe,40,40,steelers,packers,-14,L,-40,,nfl,yes
11/22/2017,gabe,40,40,ravens,texans,-7,P,0,,nfl,yes
11/26/2017,gabe,50,50,florida,duke,2,L,-50,,cbb,yes
11/26/2017,gabe,50,50,over,under,163,W,50,florida_duke,cbb,yes
12/1/2017,gabe,30,30,wizards,pistons,0,W,30,,nba,yes
12/1/2017,gabe,30,30,warriors,magic,-11,W,30,,nba,yes
12/1/2017,gabe,30,30,raptors,pacers,-6.5,L,-30,,nba,yes
12/1/2017,gabe,30,30,thunder,timberwolves,-5.5,L,-30,,nba,yes
12/1/2017,gabe,30,30,grizzlies,spurs,3.5,L,-30,,nba,yes
12/1/2017,gabe,30,30,bulls,kings,1,P,0,,nba,yes
12/1/2017,gabe,30,30,heat,hornets,-2,W,30,,nba,yes
12/1/2017,gabe,30,30,pelicans,jazz,-2.5,L,-30,,nba,yes
12/1/2017,gabe,30,30,celtics,suns,-13,L,-30,,nba,yes
12/1/2017,gabe,30,30,mavs,clippers,-5,W,30,,nba,yes
12/1/2017,gabe,30,30,hawks,nets,4.5,W,30,,nba,yes
12/1/2017,gabe,30,30,pistons,76ers,5,P,0,,nba,yes
12/1/2017,gabe,30,30,cavs,grizzlies,-11.5,L,-30,,nba,yes
12/1/2017,gabe,30,30,bucks,kings,-11.5,L,-30,,nba,yes
12/2/2017,gabe,50,50,georgia_southern,coastal_carolina,-3,L,-50,,cfb,yes
12/2/2017,gabe,50,50,troy,arkansas_state,-1,W,50,,cfb,yes
12/2/2017,gabe,50,50,georgia,auburn,-1.5,W,50,,cfb,yes
12/2/2017,gabe,50,50,boise_state,fresno_state,-9.5,L,-50,,cfb,yes
12/2/2017,gabe,50,50,clemson,miami,-10,W,50,,cfb,yes
12/2/2017,gabe,50,50,ohio_state,wisconsin,-4,W,50,,cfb,yes
12/2/2017,gabe,50,50,oklahoma,tcu,-7.5,W,50,,cfb,yes
12/2/2017,gabe,50,50,akron,toledo,19.5,W,50,,cfb,yes
12/3/2017,gabe,40,40,lions,ravens,3,L,-40,,nfl,yes
12/3/2017,gabe,40,40,bears,49ers,-3,L,-40,,nfl,yes
12/3/2017,gabe,40,40,falcons,vikings,-3.5,L,-40,,nfl,yes
12/3/2017,gabe,40,40,bills,pats,7.5,L,-40,,nfl,yes
12/3/2017,gabe,40,40,broncos,dolphins,-1.5,L,-40,,nfl,yes
12/3/2017,gabe,40,40,texans,titans,7,L,-40,,nfl,yes
12/3/2017,gabe,40,40,colts,jags,9.5,L,-40,,nfl,yes
12/3/2017,gabe,40,40,packers,buccs,-3,W,40,,nfl,yes
12/3/2017,gabe,40,40,chiefs,jets,-3.5,L,-40,,nfl,yes
12/3/2017,gabe,40,40,saints,panthers,-5,W,40,,nfl,yes
12/3/2017,gabe,40,40,browns,chargers,13.5,W,40,,nfl,yes
12/3/2017,gabe,40,40,cards,rams,7,L,-40,,nfl,yes
12/3/2017,gabe,40,40,seahawks,eagles,4,W,40,,nfl,yes
12/3/2017,gabe,100,100,steelers,bengals,-4.5,L,-100,,nfl,yes
12/4/2017,gabe,40,40,knicks,pacers,10.5,L,-40,,nba,yes
12/4/2017,gabe,40,40,hornets,magic,-8,W,40,,nba,yes
12/4/2017,gabe,40,40,76ers,suns,-10.5,L,-40,,nba,yes
12/4/2017,gabe,40,40,celtics,bucks,-4.5,W,40,,nba,yes
12/4/2017,gabe,40,40,hawks,nets,-1,L,-40,,nba,yes
12/4/2017,gabe,40,40,cavs,bulls,-9,W,40,,nba,yes
12/4/2017,gabe,40,40,timberwolves,grizzlies,-3,L,-40,,nba,yes
12/4/2017,gabe,40,40,warriors,pelicans,-9.5,W,40,,nba,yes
12/4/2017,gabe,40,40,mavs,nuggets,-2.5,W,40,,nba,yes
12/4/2017,gabe,40,40,spurs,pistons,-3.5,L,-40,,nba,yes
12/4/2017,gabe,40,40,wizards,jazz,4,W,40,,nba,yes
12/4/2017,gabe,50,50,florida,fsu,-9,L,-50,,cbb,yes
12/5/2017,gabe,50,50,suns,raptors,14,W,50,,nba,yes
12/5/2017,gabe,50,50,thunder,jazz,-7.5,L,-50,,nba,yes
12/5/2017,gabe,50,50,wizards,trailblazers,6,W,50,,nba,yes
12/5/2017,gabe,30,30,hawks,magic,-6.5,L,-30,,nba,yes
12/5/2017,gabe,30,30,bulls,pacers,9.5,W,30,,nba,yes
12/5/2017,gabe,30,30,cavs,kings,-12.5,L,-30,,nba,yes
12/5/2017,gabe,30,30,knicks,grizzlies,-2,W,30,,nba,yes
12/5/2017,gabe,30,30,celtics,mavs,-9,L,-30,,nba,yes
12/5/2017,gabe,30,30,pelicans,nuggets,-5,W,30,,nba,yes
12/5/2017,gabe,30,30,warriors,hornets,-5.5,W,30,,nba,yes
12/5/2017,gabe,30,30,bucks,pistons,-4,P,0,,nba,yes
12/5/2017,gabe,30,30,spurs,heat,-7.5,W,30,,nba,yes
12/5/2017,gabe,30,30,clippers,timberwolves,5.5,L,-30,,nba,yes
12/7/2017,gabe,40,40,76ers,lakers,-8,L,-40,,nba,yes
12/7/2017,gabe,40,40,wizards,suns,-7,W,40,,nba,yes
12/7/2017,gabe,40,40,thunder,nets,-6.5,L,-40,,nba,yes
12/7/2017,gabe,40,40,rockets,jazz,-6.5,W,40,,nba,yes
12/7/2017,gabe,40,40,falcons,saints,-2.5,W,40,,nfl,yes
12/10/2017,gabe,40,40,lions,buccs,0,W,40,,nfl,yes
12/10/2017,gabe,40,40,bengals,bears,-6,L,-40,,nfl,yes
12/10/2017,gabe,40,40,bills,colts,-3,W,40,,nfl,yes
12/10/2017,gabe,40,40,seahawks,jags,2.5,L,-40,,nfl,yes
12/10/2017,gabe,40,40,chiefs,raiders,-4.5,W,40,,nfl,yes
12/10/2017,gabe,40,40,panthers,vikings,2.5,W,40,,nfl,yes
12/10/2017,gabe,40,40,packers,browns,-3,W,40,,nfl,yes
12/10/2017,gabe,40,40,texans,49ers,-1.5,L,-40,,nfl,yes
12/10/2017,gabe,40,40,redskins,chargers,6,L,-40,,nfl,yes
12/10/2017,gabe,40,40,broncos,jets,1,W,40,,nfl,yes
12/10/2017,gabe,40,40,titans,cards,-3,L,-40,,nfl,yes
12/10/2017,gabe,40,40,rams,eagles,0,L,-40,,nfl,yes
12/10/2017,gabe,40,40,cowboys,giants,-4,W,40,,nfl,yes
12/10/2017,gabe,80,80,steelers,ravens,7,L,-80,,nfl,yes
12/10/2017,gabe,40,40,pats,dolphins,-11,L,-40,,nfl,yes
12/11/2017,gabe,50,50,celtics,bulls,-6.5,L,-50,,nba,yes
12/11/2017,gabe,50,50,grizzlies,heat,-1,L,-50,,nba,yes
12/11/2017,gabe,50,50,pelicans,rockets,13,W,50,,nba,yes
12/11/2017,gabe,50,50,thunder,hornets,-7,L,-50,,nba,yes
12/11/2017,gabe,50,50,warriors,trailblazers,-10.5,L,-50,,nba,yes
12/11/2017,gabe,50,50,raptors,clippers,-5,L,-50,,nba,yes
12/12/2017,gabe,50,50,hawks,cavs,11.5,W,50,,nba,yes
12/12/2017,gabe,50,50,pistons,nuggets,-6.5,L,-50,,nba,yes
12/12/2017,gabe,50,50,knicks,lakers,-3,W,50,,nba,yes
12/12/2017,gabe,50,50,wizards,nets,-3,L,-50,,nba,yes
12/12/2017,gabe,50,50,timberwolves,76ers,-4.5,L,-50,,nba,yes
12/12/2017,gabe,50,50,spurs,mavs,-6,L,-50,,nba,yes
12/12/2017,gabe,50,50,kings,suns,-4,W,50,,nba,yes
12/24/2017,gabe,30,30,lions,bengals,-3,L,-30,,nfl,yes
12/24/2017,gabe,30,30,jets,chargers,7,P,0,,nfl,yes
12/24/2017,gabe,30,30,rams,titans,-6,L,-30,,nfl,yes
12/24/2017,gabe,30,30,bears,browns,-6,W,30,,nfl,yes
12/24/2017,gabe,30,30,panthers,buccs,-10,L,-30,,nfl,yes
12/24/2017,gabe,30,30,falcons,saints,-5.5,L,-30,,nfl,yes
12/24/2017,gabe,30,30,broncos,redskins,3,L,-30,,nfl,yes
12/24/2017,gabe,30,30,dolphins,chiefs,11,L,-30,,nfl,yes
12/24/2017,gabe,30,30,buffalo,pats,11.5,L,-30,,nfl,yes
12/24/2017,gabe,30,30,jags,49ers,-4,L,-30,,nfl,yes
12/24/2017,gabe,30,30,cards,giants,-3,W,30,,nfl,yes
12/24/2017,gabe,30,30,seahawks,cowboys,4,W,30,,nfl,yes
12/24/2017,gabe,30,30,texans,steelers,9,L,-30,,nfl,yes
12/24/2017,gabe,30,30,raiders,eagles,9,P,0,,nfl,yes
12/24/2017,gabe,30,30,cavs,warrors,5,L,-30,,nfl,yes
12/24/2017,gabe,30,30,wizards,celtics,4.5,W,30,,nba,yes
12/29/2017,gabe,40,40,wizards,rockets,1,W,40,,nba,yes
12/29/2017,gabe,40,40,hawks,raptors,11,L,-40,,nba,yes
12/29/2017,gabe,40,40,bulls,pacers,-2.5,W,40,,nba,yes
12/29/2017,gabe,40,40,thunder,bucks,-8.5,L,-40,,nba,yes
12/29/2017,gabe,40,40,pelicans,mavs,-6.5,L,-40,,nba,yes
12/29/2017,gabe,40,40,heat,nets,-6.5,L,-40,,nba,yes
12/29/2017,gabe,40,40,kings,suns,-2.5,L,-40,,nba,yes
12/29/2017,gabe,40,40,lakers,clippers,2.5,L,-40,,nba,yes
12/29/2017,gabe,40,40,hornets,warrors,10.5,W,40,,nba,yes
1/1/2018,gabe,40,40,nets,magic,-1.5,W,40,,nba,yes
1/1/2018,gabe,40,40,raptors,bucks,-6,L,-40,,nba,yes
1/1/2018,gabe,40,40,lakers,timberwolves,10.5,L,-40,,nba,yes
1/1/2018,gabe,40,40,bulls,trailblazers,1,L,-40,,nba,yes
1/1/2018,gabe,40,40,south_carolina,michigan,9,W,40,,cfb,yes
1/1/2018,gabe,40,40,ucf,auburn,12,W,40,,cfb,yes
1/1/2018,gabe,40,40,notre_dame,lsu,3,W,40,,cfb,yes
1/1/2018,gabe,40,40,georgia,oklahoma,-3,W,40,,cfb,yes
1/1/2018,gabe,40,40,alabama,clemson,-3,W,40,,cfb,yes
1/2/2018,gabe,40,40,cavs,trailblazers,-8.5,W,40,,nba,yes
1/2/2018,gabe,40,40,spurs,knicks,-5,W,40,,nba,yes
1/2/2018,gabe,40,40,suns,hawks,-2,L,-40,,nba,yes
1/2/2018,gabe,40,40,kings,hornets,4,L,-40,,nba,yes
1/2/2018,gabe,40,40,clippers,grizzlies,-5.5,W,40,,nba,yes
1/3/2018,gabe,40,40,knicks,wizards,8.5,L,-40,,nba,yes
1/3/2018,gabe,40,40,magic,rockets,8,L,-40,,nba,yes
1/3/2018,gabe,40,40,nets,timberwolves,6.5,W,40,,nba,yes
1/3/2018,gabe,40,40,heat,pistons,-3,W,40,,nba,yes
1/3/2018,gabe,40,40,bucks,pacers,-7.5,W,40,,nba,yes
1/3/2018,gabe,40,40,raptors,bulls,-5,W,40,,nba,yes
1/3/2018,gabe,40,40,warriors,mavs,-7,L,-40,,nba,yes
1/3/2018,gabe,40,40,suns,nuggets,11,L,-40,,nba,yes
1/3/2018,gabe,40,40,pelicans,jazz,1.5,W,40,,nba,yes
1/3/2018,gabe,50,50,chiefs,titans,-8,L,-40,,nfl,yes
1/3/2018,gabe,50,50,falcons,rams,6.5,W,40,,nfl,yes
1/3/2018,gabe,50,50,jags,bills,-8,L,-50,,nfl,yes
1/3/2018,gabe,50,50,saints,panthers,-7,L,-50,,nfl,yes
1/4/2018,gabe,50,50,warriors,rockets,-4,W,50,,nba,yes
1/4/2018,gabe,50,50,thunder,clippers,-1,W,50,,nba,yes
1/5/2018,gabe,40,40,heat,knicks,-5.5,L,-40,,nba,yes
1/5/2018,gabe,40,40,76ers,pistons,-5,W,40,,nba,yes
1/5/2018,gabe,40,40,celtics,timberwolves,-3,W,40,,nba,yes
1/5/2018,gabe,40,40,bucks,raptors,-1,L,-40,,nba,yes
1/5/2018,gabe,40,40,bulls,mavs,4,W,40,,nba,yes
1/5/2018,gabe,40,40,spurs,suns,-12.5,W,40,,nba,yes
1/5/2018,gabe,40,40,nuggets,jazz,-6.5,W,40,,nba,yes
1/5/2018,gabe,40,40,wizards,grizzlies,-4.5,L,-40,,nba,yes
1/5/2018,gabe,40,40,hawks,trailblazers,7,L,-40,,nba,yes
1/5/2018,gabe,40,40,hornets,lakers,-2,W,40,,nba,yes
1/7/2018,gabe,40,40,knicks,mavs,5,W,40,,nba,yes
1/7/2018,gabe,40,40,thunder,suns,-8.5,L,-40,,nba,yes
1/7/2018,gabe,40,40,spurs,trailblazers,2.5,W,40,,nba,yes
1/7/2018,gabe,40,40,lakers,hawks,-3,W,40,,nba,yes
1/8/2018,gabe,50,50,alabama,georgia,-4,L,-50,,cfb,yes
1/8/2018,gabe,50,50,under,over,44,L,-50,,cfb,yes
1/8/2018,gabe,40,40,bucks,pacers,1.5,L,-40,,nba,yes
1/8/2018,gabe,40,40,nets,raptors,7,W,40,,nba,yes
1/8/2018,gabe,40,40,cavs,timberwolves,-1,L,-40,,nba,yes
1/8/2018,gabe,40,40,rockets,bulls,-5.5,W,40,,nba,yes
1/8/2018,gabe,40,40,pelicans,pistons,-5.5,L,-40,,nba,yes
1/8/2018,gabe,40,40,kings,spurs,5.5,L,-40,,nba,yes
1/8/2018,gabe,40,40,hawks,clippers,5,W,40,,nba,yes
1/8/2018,gabe,40,40,warriors,nuggets,-10.5,L,-40,,nba,yes
1/9/2018,gabe,40,40,raptors,heat,-4.5,L,-40,,nba,yes
1/9/2018,gabe,40,40,trailblazers,thunder,8,W,40,,nba,yes
1/9/2018,gabe,40,40,magic,mavs,7,L,-40,,nba,yes
1/9/2018,gabe,40,40,kings,lakers,6.5,L,-40,,nba,yes
1/10/2018,gabe,40,40,cavs,raptors,16.5,L,-40,cavs_raptors,nba,yes
1/12/2018,gabe,50,50,falcons,eagles,-2.5,L,-50,,nfl,yes
1/12/2018,gabe,50,50,over,under,40,W,50,falcons_eagles,nfl,yes
1/12/2018,gabe,50,50,titans,pats,13.5,L,-50,,nfl,yes
1/12/2018,gabe,50,50,jags,steelers,7,W,50,,nfl,yes
1/12/2018,gabe,50,50,vikings,saints,-5.5,L,-50,,nfl,yes
1/12/2018,gabe,50,50,under,over,41,L,-50,jags_steelers,nfl,yes
1/16/2018,gabe,40,50,vikings,eagles,-3.5,L,-50,,nfl,yes
1/16/2018,gabe,40,40,over,under,38,W,50,vikings_eagels,nfl,yes
1/16/2018,gabe,40,40,jags,pats,9,W,50,,nfl,yes
1/16/2018,gabe,40,40,over,under,46.5,L,-50,jags_pats,nfl,yes
1/16/2018,gabe,40,40,magic,timberwolves,8.5,W,40,,nba,yes
1/16/2018,gabe,40,40,under,over,217.5,W,40,magic_timberwolves,nba,yes
1/16/2018,gabe,40,40,celtics,pelicans,-5,L,-40,,nba,yes
1/16/2018,gabe,40,40,over,under,214.5,W,40,celtics_pelicans,nba,yes
1/16/2018,gabe,40,40,nuggets,mavs,-6,L,-40,,nba,yes
1/16/2018,gabe,40,40,under,over,210,W,40,nuggets_mavs,nba,yes
1/16/2018,gabe,40,40,trailblazers,suns,-11,L,-40,,nba,yes
1/16/2018,gabe,40,40,under,over,217,L,-40,trailblazers_suns,nba,yes
1/17/2018,gabe,40,40,wizards,hornets,1.5,L,-40,,nba,yes
1/17/2018,gabe,40,40,over,under,215,W,40,wizards_hornets,nba,yes
1/17/2018,gabe,40,40,raptors,pistons,-8,L,-40,,nba,yes
1/17/2018,gabe,40,40,under,over,212.5,W,40,raptors_pistons,nba,yes
1/17/2018,gabe,40,40,spurs,nets,-5,P,0,,nba,yes
1/17/2018,gabe,40,40,over,under,205.5,L,-40,spurs_nets,nba,yes
1/17/2018,gabe,40,40,pelicans,hawks,-2.5,L,-40,,nba,yes
1/17/2018,gabe,40,40,under,over,221.5,W,40,pelicans_hawks,nba,yes
1/17/2018,gabe,40,40,bucks,heat,-4,L,-40,,nba,yes
1/17/2018,gabe,40,40,over,under,202,W,40,bucks_heat,nba,yes
1/17/2018,gabe,40,40,grizzlies,knicks,1.5,W,40,,nba,yes
1/17/2018,gabe,40,40,under,over,202.5,L,-40,grizzlies_knicks,nba,yes
1/17/2018,gabe,40,40,bulls,warrors,8.5,W,40,,nba,yes
1/17/2018,gabe,40,40,under,over,232.5,W,40,bulls_warriors,nba,yes
1/17/2018,gabe,40,40,lakers,thunder,9.5,L,-40,,nba,yes
1/17/2018,gabe,40,40,under,over,216.5,W,40,lakers_thunder,nba,yes
1/17/2018,gabe,40,40,jazz,kings,-4,W,40,,nba,yes
1/17/2018,gabe,40,40,over,under,203.5,W,40,jazz_kings,nba,yes
1/17/2018,gabe,40,40,nuggets,clippers,3.5,L,-40,,nba,yes
1/17/2018,gabe,40,40,under,over,221.5,W,40,nuggets_clippers,nba,yes
1/18/2018,gabe,50,50,cavs,magic,-11,L,-50,,nba,yes
1/18/2018,gabe,50,50,under,over,226,W,50,cavs_magic,nba,yes
1/18/2018,gabe,50,50,celtics,76ers,-4,L,-50,,nba,yes
1/18/2018,gabe,50,50,over,under,211,W,50,celtics_76ers,nba,yes
1/18/2018,gabe,50,50,timberwolves,rockets,5.5,L,-50,,nba,yes
1/18/2018,gabe,50,50,under,over,222,W,50,timberwovles_rockets,nba,yes
1/18/2018,gabe,50,50,trailblazers,pacers,-4.5,W,50,,nba,yes
1/18/2018,gabe,50,50,under,over,213,W,50,trailblazers_pacers,nba,yes
1/19/2018,gabe,50,50,spurs,raptors,5.5,W,50,,nba,yes
1/19/2018,gabe,50,50,under,over,205.5,W,50,spurs_raptors,nba,yes
1/19/2018,gabe,50,50,nets,heat,2.5,W,50,,nba,yes
1/19/2018,gabe,50,50,under,over,208.5,W,50,nets_heat,nba,yes
1/19/2018,gabe,50,50,wizards,pistons,-1,W,50,,nba,yes
1/19/2018,gabe,50,50,over,under,208.5,W,50,wizards_pistons,nba,yes
1/19/2018,gabe,50,50,kings,grizzlies,6,L,-50,,nba,yes
1/19/2018,gabe,50,50,over,under,203,L,-50,kings_grizzlies,nba,yes
1/19/2018,gabe,50,50,nuggets,suns,-9,L,-50,,nba,yes
1/19/2018,gabe,50,50,under,over,219.5,W,50,nuggets_suns,nba,yes
1/19/2018,gabe,50,50,jazz,knicks,-5.5,L,-50,,nba,yes
1/19/2018,gabe,50,50,over,under,203,W,50,jazz_knicks,nba,yes
1/19/2018,gabe,50,50,pacers,lakers,-1.5,L,-50,,nba,yes
1/19/2018,gabe,50,50,under,over,215,W,50,pacers_lakers,nba,yes
1/20/2018,gabe,40,40,cavs,thunder,-3.5,L,-40,,nba,yes
1/20/2018,gabe,40,40,over,under,218,W,40,cavs_thunder,nba,yes
1/20/2018,gabe,40,40,hawks,bulls,-2,L,-40,,nba,yes
1/20/2018,gabe,40,40,under,over,215,W,40,hawks_bulls,nba,yes
1/20/2018,gabe,40,40,pelicans,grizzlies,-9,L,-40,,nba,yes
1/20/2018,gabe,40,40,over,under,212,W,40,pelicans_grizzlies,nba,yes
1/20/2018,gabe,40,40,hornets,heat,-4.5,L,-40,,nba,yes
1/20/2018,gabe,40,40,over,under,204.5,W,40,hornets_heat,nba,yes
1/20/2018,gabe,40,40,bucks,76ers,7,L,-40,,nba,yes
1/20/2018,gabe,40,40,over,under,213,L,-40,bucks_76ers,nba,yes
1/20/2018,gabe,40,40,rockets,warrors,4,W,40,,nba,yes
1/20/2018,gabe,40,40,under,over,234,W,40,rockets_warriors,nba,yes
1/20/2018,gabe,40,40,clippers,jazz,2,L,-40,,nba,yes
1/20/2018,gabe,40,40,under,over,212,W,40,clippers_jazz,nba,yes
1/20/2018,gabe,40,40,timberwolves,raptors,-3.5,W,40,,nba,yes
1/20/2018,gabe,40,40,under,over,215,L,-40,timberwolves_raptors,nba,yes
1/20/2018,gabe,40,40,trailblazers,mavs,-5,W,40,,nba,yes
1/20/2018,gabe,40,40,under,over,208,L,-40,traiblazers_mavs,nba,yes
1/24/2018,gabe,40,40,bulls,76ers,5.5,L,-40,,nba,yes
1/24/2018,gabe,40,40,under,over,218.5,W,40,bulls_76ers,nba,yes
1/24/2018,gabe,40,40,hornets,pelicans,-2,L,-40,,nba,yes
1/24/2018,gabe,40,40,under,over,223.5,W,40,hornets_pelicans,nba,yes
1/24/2018,gabe,40,40,jazz,pistons,2.5,W,40,,nba,yes
1/24/2018,gabe,40,40,over,under,199.5,L,-40,jazz_pistons,nba,yes
1/24/2018,gabe,40,40,pacers,suns,-7.5,W,40,,nba,yes
1/24/2018,gabe,40,40,under,over,216.5,L,-40,pacers_suns,nba,yes
1/24/2018,gabe,40,40,raptors,hawks,-6,W,40,,nba,yes
1/24/2018,gabe,40,40,under,over,214.5,W,40,raptors_hawks,nba,yes
1/24/2018,gabe,40,40,spurs,grizzlies,0,W,40,,nba,yes
1/24/2018,gabe,40,40,over,under,193.5,L,-40,spurs_grizzlies,nba,yes
1/24/2018,gabe,40,40,rockets,mavs,-6.5,W,40,,nba,yes
1/24/2018,gabe,40,40,over,under,218.5,L,-40,rockets_mavs,nba,yes
1/24/2018,gabe,40,40,trailblazers,timberwolves,-2,W,40,,nba,yes
1/24/2018,gabe,40,40,over,under,213.5,W,40,traiblazers_timberwovles,nba,yes
1/24/2018,gabe,40,40,celtics,clippers,1.5,W,40,,nba,yes
1/24/2018,gabe,40,40,under,over,217.5,W,40,celtics_clippers,nba,yes
1/25/2018,gabe,50,50,kings,heat,9.5,W,50,,nba,yes
1/25/2018,gabe,50,50,over,under,201,L,-50,kings_heat,nba,yes
1/25/2018,gabe,50,50,wizards,thunder,5,L,-50,,nba,yes
1/25/2018,gabe,50,50,over,under,214,W,50,wizards_thunder,nba,yes
1/25/2018,gabe,50,50,nuggets,knicks,-5.5,W,50,,nba,yes
1/25/2018,gabe,50,50,under,over,213,L,-50,nuggets_knicks,nba,yes
1/25/2018,gabe,50,50,warriors,timberwolves,-11,W,50,,nba,yes
1/25/2018,gabe,50,50,under,over,227.5,L,-50,warriors_timberwolves,nba,yes
1/26/2018,gabe,40,40,hornets,hawks,-7,W,40,,nba,yes
1/26/2018,gabe,40,40,under,over,210,L,-40,hornets_hawks,nba,yes
1/26/2018,gabe,40,40,pacers,cavs,6,L,-40,,nba,yes
1/26/2018,gabe,40,40,under,over,223.5,W,40,pacers_cavs,nba,yes
1/26/2018,gabe,40,40,jazz,raptors,8,W,40,,nba,yes
1/26/2018,gabe,40,40,under,over,208,W,40,jazz_raptors,nba,yes
1/26/2018,gabe,40,40,rockets,pelicans,-4.5,L,-40,,nba,yes
1/26/2018,gabe,40,40,under,over,227.5,L,-40,rockets_pelicans,nba,yes
1/26/2018,gabe,40,40,nets,bucks,5.5,L,-40,,nba,yes
1/26/2018,gabe,40,40,under,over,212.5,W,40,nets_bucks,nba,yes
1/26/2018,gabe,40,40,clippers,grizzlies,-3,W,40,,nba,yes
1/26/2018,gabe,40,40,over,under,212,L,-40,clippers_grizzlies,nba,yes
1/26/2018,gabe,40,40,lakers,bulls,4,W,40,,nba,yes
1/26/2018,gabe,40,40,under,over,222.5,W,40,lakers_bulls,nba,yes
1/26/2018,gabe,40,40,spurs,76ers,-4,L,-40,,nba,yes
1/26/2018,gabe,40,40,under,over,200,W,40,spurs_76ers,nba,yes
1/26/2018,gabe,40,40,trailblazers,mavs,-1.5,W,40,,nba,yes
1/26/2018,gabe,40,40,under,over,208.5,W,40,trailblazers_mavs,nba,yes
1/26/2018,gabe,40,40,knicks,suns,-1,W,40,,nba,yes
1/26/2018,gabe,40,40,under,over,217.5,W,40,knicks_suns,nba,yes
1/27/2018,gabe,40,40,thunder,pistons,-3.5,W,40,,nba,yes
1/27/2018,gabe,40,40,over,under,207.5,W,40,thunder_pistons,nba,yes
1/27/2018,gabe,40,40,magic,pacers,6,W,40,,nba,yes
1/27/2018,gabe,40,40,under,over,213,L,-40,magic_pacers,nba,yes
1/27/2018,gabe,40,40,wizards,hawks,-3.5,W,40,,nba,yes
1/27/2018,gabe,40,40,under,over,211,L,-40,wizards_hawks,nba,yes
1/27/2018,gabe,40,40,hornets,heat,4,P,0,,nba,yes
1/27/2018,gabe,40,40,over,under,204.5,L,-40,hornets_heat,nba,yes
1/27/2018,gabe,40,40,warriors,celtics,-10,L,-40,,nba,yes
1/27/2018,gabe,40,40,over,under,219.5,L,-40,warriors_celtics,nba,yes
1/27/2018,gabe,40,40,nets,timberwolves,11,L,-40,,nba,yes
1/27/2018,gabe,40,40,under,over,215,W,40,nets_timberwolves,nba,yes
1/27/2018,gabe,40,40,mavs,nuggets,8,W,40,,nba,yes
1/27/2018,gabe,40,40,under,over,209.5,W,40,mavs_nuggets,nba,yes
1/28/2018,gabe,40,40,suns,rockets,13.5,W,40,,nba,yes
1/28/2018,gabe,40,40,under,over,226,W,40,suns_rockets,nba,yes
1/28/2018,gabe,40,40,bucks,bulls,-2,W,40,,nba,yes
1/28/2018,gabe,40,40,under,over,216.5,W,40,bucks_bulls,nba,yes
1/28/2018,gabe,40,40,pelicans,clippers,-2,L,-40,,nba,yes
1/28/2018,gabe,40,40,under,over,227.5,W,40,pelicans_clippers,nba,yes
1/28/2018,gabe,40,40,lakers,raptors,10,L,-40,,nba,yes
1/28/2018,gabe,40,40,under,over,217.5,L,-40,lakers_raptors,nba,yes
1/28/2018,gabe,40,40,cavs,pistons,-8,W,40,,nba,yes
1/28/2018,gabe,40,40,under,over,216,L,-40,cavs_pistons,nba,yes
1/28/2018,gabe,40,40,thunder,76ers,-3.5,W,40,,nba,yes
1/28/2018,gabe,40,40,over,under,215.5,W,40,thunder_76ers,nba,yes
1/28/2018,gabe,40,40,kings,spurs,10.5,L,-40,,nba,yes
1/28/2018,gabe,40,40,over,under,195.5,W,40,kings_spurs,nba,yes
1/29/2018,gabe,40,40,pacers,hornets,-3,W,40,,nba,yes
1/29/2018,gabe,40,40,under,over,214,W,40,pacers_hornets,nba,yes
1/29/2018,gabe,40,40,timberwolves,hawks,-5.5,L,-40,,nba,yes
1/29/2018,gabe,40,40,under,over,214.5,W,40,timberwolves_hawks,nba,yes
1/29/2018,gabe,40,40,suns,grizzlies,7.5,L,-40,,nba,yes
1/29/2018,gabe,40,40,under,over,205.5,L,-40,suns_grizzlies,nba,yes
1/29/2018,gabe,40,40,bucks,76ers,-3.5,W,40,,nba,yes
1/29/2018,gabe,40,40,under,over,211,W,40,bucks_7ers,nba,yes
1/29/2018,gabe,40,40,heat,mavs,-2,W,40,,nba,yes
1/29/2018,gabe,40,40,over,under,197,L,-40,heat_mavs,nba,yes
1/29/2018,gabe,40,40,celtics,nuggets,1.5,W,40,,nba,yes
1/29/2018,gabe,40,40,over,under,204.5,W,40,celtics_nuggets,nba,yes
1/30/2018,gabe,40,40,wizards,thunder,3,W,40,,nba,yes
1/30/2018,gabe,40,40,over,under,216.5,L,-40,wizards_thunder,nba,yes
1/30/2018,gabe,40,40,knicks,nets,-5.5,W,40,,nba,yes
1/30/2018,gabe,40,40,under,over,215,W,40,knicks_nets,nba,yes
1/30/2018,gabe,40,40,timberwolves,raptors,6.5,W,40,,nba,yes
1/30/2018,gabe,40,40,under,over,218.5,W,40,timberwolves_raptors,nba,yes
1/30/2018,gabe,40,40,cavs,pistons,-5.5,L,-40,,nba,yes
1/30/2018,gabe,40,40,under,over,219.5,L,-40,cavs_pistons,nba,yes
1/30/2018,gabe,40,40,rockets,magic,-13.5,L,-40,,nba,yes
1/30/2018,gabe,40,40,under,over,221,P,0,rockets_magic,nba,yes
1/30/2018,gabe,40,40,kings,pelicans,8.5,W,40,,nba,yes
1/30/2018,gabe,40,40,under,over,215,L,-40,kings_pelicans,nba,yes
1/30/2018,gabe,40,40,nuggets,spurs,7.5,W,40,,nba,yes
1/30/2018,gabe,40,40,under,over,201,L,-40,nuggests_spurs,nba,yes
1/30/2018,gabe,40,40,warriors,jazz,-7.5,L,-40,,nba,yes
1/30/2018,gabe,40,40,over,under,216.5,W,40,warriors_jazz,nba,yes
1/30/2018,gabe,40,40,trailblazers,clippers,-2.5,W,40,,nba,yes
1/30/2018,gabe,40,40,under,over,220.5,W,40,trailblazers_clippers,nba,yes
1/31/2018,gabe,40,40,pacers,grizzlies,-7,L,-40,,nba,yes
1/31/2018,gabe,40,40,over,under,203.5,W,40,pacers_grizzlies,nba,yes
1/31/2018,gabe,40,40,lakers,magic,-2.5,L,-40,,nba,yes
1/31/2018,gabe,40,40,under,over,217,L,-40,lakers_magic,nba,yes
1/31/2018,gabe,40,40,nets,76ers,7,W,40,,nba,yes
1/31/2018,gabe,40,40,over,under,210.5,W,40,nets_76ers,nba,yes
1/31/2018,gabe,40,40,cavs,heat,-1.5,W,40,,nba,yes
1/31/2018,gabe,40,40,under,over,215.5,W,40,cavs_heat,nba,yes
1/31/2018,gabe,40,40,hornets,hawks,-3,W,40,,nba,yes
1/31/2018,gabe,40,40,under,over,211,L,-40,hornets_hawks,nba,yes
1/31/2018,gabe,40,40,celtics,knicks,-8.5,W,40,,nba,yes
1/31/2018,gabe,40,40,over,under,209,L,-40,celtics_knicks,nba,yes
1/31/2018,gabe,40,40,bulls,trailblazers,7,L,-40,,nba,yes
1/31/2018,gabe,40,40,under,over,213,L,-40,bulls_trailblazers,nba,yes
1/31/2018,gabe,40,40,suns,mavs,3,W,40,,nba,yes
1/31/2018,gabe,40,40,under,over,210.5,W,40,suns_mavs,nba,yes
2/1/2018,gabe,40,40,raptors,wizards,-3.5,L,-40,,nba,yes
2/1/2018,gabe,40,40,under,over,214,L,-40,raptors_wizards,nba,yes
2/1/2018,gabe,40,40,grizzlies,pistons,8.5,W,40,,nba,yes
2/1/2018,gabe,40,40,over,under,203,W,40,grizzlies_pistons,nba,yes
2/1/2018,gabe,40,40,spurs,rockets,1.5,L,-40,,nba,yes
2/1/2018,gabe,40,40,under,over,208.5,W,40,spurs_rockets,nba,yes
2/1/2018,gabe,40,40,bucks,timberwolves,6,L,-40,,nba,yes
2/1/2018,gabe,40,40,under,over,208.5,W,40,bucks_timberwolves,nba,yes
2/1/2018,gabe,40,40,thunder,nuggets,-1.5,L,-40,,nba,yes
2/1/2018,gabe,40,40,under,over,217.5,L,-40,thunder_nuggets,nba,yes
2/2/2018,gabe,40,40,hornets,pacers,-3.5,W,40,,nba,yes
2/2/2018,gabe,40,40,under,over,209,L,-40,hornets_pacers,nba,yes
2/2/2018,gabe,40,40,celtics,hawks,-7,W,40,,nba,yes
2/2/2018,gabe,40,40,over,under,200,W,40,celtics_hawks,nba,yes
2/2/2018,gabe,40,40,trailblazers,raptors,4.5,L,-40,,nba,yes
2/2/2018,gabe,40,40,under,over,214.5,L,-40,trailblazers_raptors,nba,yes
2/2/2018,gabe,40,40,nets,lakers,-1.5,L,-40,,nba,yes
2/2/2018,gabe,40,40,under,over,216.5,W,40,nets_lakers,nba,yes
2/2/2018,gabe,40,40,heat,76ers,4,L,-40,,nba,yes
2/2/2018,gabe,40,40,under,over,203,W,40,heat_76ers,nba,yes
2/2/2018,gabe,40,40,bucks,knicks,-2,P,0,,nba,yes
2/2/2018,gabe,40,40,under,over,205.5,W,40,bucks_knicks,nba,yes
2/2/2018,gabe,40,40,suns,jazz,6,L,-40,,nba,yes
2/2/2018,gabe,40,40,under,over,210.5,L,-40,suns_jazz,nba,yes
2/2/2018,gabe,40,40,thunder,pelicans,-6,L,-40,,nba,yes
2/2/2018,gabe,40,40,under,over,224,W,40,thunder_pelicans,nba,yes
2/2/2018,gabe,40,40,kings,warrors,13.5,L,-40,,nba,yes
2/2/2018,gabe,40,40,under,over,223,P,0,kings_warriors,nba,yes
2/3/2018,gabe,40,40,bulls,clippers,7.5,L,-40,,nba,yes
2/3/2018,gabe,40,40,under,over,221,W,40,bulls_clippers,nba,yes
2/3/2018,gabe,40,40,wizards,magic,-4.5,W,40,,nba,yes
2/3/2018,gabe,40,40,under,over,215.5,W,40,wizards_magic,nba,yes
2/3/2018,gabe,40,40,pacers,76ers,-1.5,W,40,,nba,yes
2/3/2018,gabe,40,40,under,over,212,W,40,pacers_76ers,nba,yes
2/3/2018,gabe,40,40,pistons,heat,-3.5,W,40,,nba,yes
2/3/2018,gabe,40,40,over,under,199,W,40,pistons_heat,nba,yes
2/3/2018,gabe,40,40,cavs,rockets,3.5,L,-40,,nba,yes
2/3/2018,gabe,40,40,under,over,231,W,40,cavs_rockets,nba,yes
2/3/2018,gabe,40,40,pelicans,timberwolves,8.5,L,-40,,nba,yes
2/3/2018,gabe,40,40,under,over,221,L,-40,pelicans_timberwolves,nba,yes
2/3/2018,gabe,40,40,jazz,spurs,6,W,40,,nba,yes
2/3/2018,gabe,40,40,over,under,195.5,W,40,jazz_spurs,nba,yes
2/3/2018,gabe,40,40,warriors,nuggets,-5,L,-40,,nba,yes
2/3/2018,gabe,40,40,under,over,229.5,W,40,warrior_nuggets,nba,yes
2/3/2018,gabe,40,40,kings,mavs,4.5,L,-40,,nba,yes
2/3/2018,gabe,40,40,under,over,203,L,-40,kings_mavs,nba,yes
2/4/2018,gabe,440,440,eagels,pats,4.5,W,440,,nfl,yes
2/4/2018,gabe,440,440,over,under,49,W,440,eagles_pats,nfl,yes
2/5/2018,gabe,40,40,pistons,trailblazers,-2,W,40,,nba,yes
2/5/2018,gabe,40,40,under,over,210.5,W,40,pistons_trailblazers,nba,yes
2/5/2018,gabe,40,40,wizards,pacers,2.5,W,40,,nba,yes
2/5/2018,gabe,40,40,under,over,213.5,W,40,wizards_pacers,nba,yes
2/5/2018,gabe,40,40,magic,heat,7,W,40,,nba,yes
2/5/2018,gabe,40,40,under,over,207,L,-40,magic_heat,nba,yes
2/5/2018,gabe,40,40,pelicans,jazz,-1.5,L,-40,,nba,yes
2/5/2018,gabe,40,40,under,over,214.5,L,-40,pelicans_jazz,nba,yes
2/5/2018,gabe,40,40,nuggets,hornets,-6,W,40,,nba,yes
2/5/2018,gabe,40,40,under,over,219,L,-40,nuggets_hornets,nba,yes
2/5/2018,gabe,40,40,bulls,kings,2.5,L,-40,,nba,yes
2/5/2018,gabe,40,40,under,over,211.5,W,40,bulls_kings,nba,yes
2/5/2018,gabe,40,40,clippers,mavs,-6.5,L,-40,,nba,yes
2/5/2018,gabe,40,40,under,over,214.5,W,40,clippers_mavs,nba,yes
2/6/2018,gabe,40,40,cavs,magic,-6.5,L,-40,,nba,yes
2/6/2018,gabe,40,40,under,over,225.5,W,40,cavs_magic,nba,yes
2/6/2018,gabe,40,40,nets,rockets,10.5,W,40,,nba,yes
2/6/2018,gabe,40,40,under,over,216.5,L,-40,nets_rockets,nba,yes
2/6/2018,gabe,40,40,bucks,knicks,-1.5,W,40,,nba,yes
2/6/2018,gabe,40,40,under,over,207,W,40,bucks_knicks,nba,yes
2/6/2018,gabe,40,40,grizzlies,hawks,3,L,-40,,nba,yes
2/6/2018,gabe,40,40,over,under,203.5,L,-40,grizzlies_hawks,nba,yes
2/6/2018,gabe,40,40,celtics,raptors,5,L,-40,,nba,yes
2/6/2018,gabe,40,40,over,under,208,L,-40,celtics_raptors,nba,yes
2/6/2018,gabe,40,40,wizards,76ers,6.5,L,-40,,nba,yes
2/6/2018,gabe,40,40,under,over,212.5,L,-40,wizards_76ers,nba,yes
2/6/2018,gabe,40,40,suns,lakers,8,L,-40,,nba,yes
2/6/2018,gabe,40,40,under,over,217.5,W,40,suns_lakers,nba,yes
2/6/2018,gabe,40,40,warriors,thunder,-10,L,-40,,nba,yes
2/6/2018,gabe,40,40,over,under,231,L,-40,warriors_thunder,nba,yes
2/7/2018,gabe,40,40,nets,pistons,9.5,W,40,,nba,yes
2/7/2018,gabe,40,40,under,over,209,L,-40,nets_pistons,nba,yes
2/7/2018,gabe,40,40,heat,rockets,5,L,-40,,nba,yes
2/7/2018,gabe,40,40,under,over,211,W,40,heat_rockets,nba,yes
2/7/2018,gabe,40,40,cavs,timberwolves,4,W,40,,nba,yes
2/7/2018,gabe,40,40,under,over,224.5,L,-40,cavs_timberwolves,nba,yes
2/7/2018,gabe,40,40,jazz,grizzlies,-7,L,-40,,nba,yes
2/7/2018,gabe,40,40,over,under,201,L,-40,jazz_grizzlies,nba,yes
2/7/2018,gabe,40,40,spurs,suns,-9.5,W,40,,nba,yes
2/7/2018,gabe,40,40,under,over,203,L,-40,spurs_suns,nba,yes
2/8/2018,gabe,40,40,magic,hawks,-1,W,40,,nba,yes
2/8/2018,gabe,40,40,under,over,213.5,W,40,magic_hawks,nba,yes
2/8/2018,gabe,40,40,knicks,raptors,14,L,-40,,nba,yes
2/8/2018,gabe,40,40,under,over,211.5,W,40,knicks_raptors,nba,yes
2/8/2018,gabe,40,40,celtics,wizards,1.5,W,40,,nba,yes
2/8/2018,gabe,40,40,over,under,206.5,W,40,celtics_wizards,nba,yes
2/8/2018,gabe,40,40,trailblazers,hornets,-3.5,W,40,,nba,yes
2/8/2018,gabe,40,40,under,over,213,W,40,trailblazers_hornets,nba,yes
2/8/2018,gabe,40,40,thunder,lakers,-3,L,-40,,nba,yes
2/8/2018,gabe,40,40,under,over,217,W,40,thunder_lakers,nba,yes
2/8/2018,gabe,40,40,warriors,mavs,-12.5,W,40,,nba,yes
2/8/2018,gabe,40,40,under,over,220.5,L,-40,warriors_mavs,nba,yes
2/9/2018,gabe,40,40,pelicans,nets,-2,W,40,,nba,yes
2/9/2018,gabe,40,40,under,over,220,L,-40,pelicans_nets,nba,yes
2/9/2018,gabe,40,40,bucks,magic,-5,W,40,,nba,yes
2/9/2018,gabe,40,40,under,over,207.5,L,-40,bucks_magic,nba,yes
2/9/2018,gabe,40,40,76ers,clippers,-2.5,W,40,,nba,yes
2/9/2018,gabe,40,40,under,over,217.5,W,40,76ers_clippers,nba,yes
2/9/2018,gabe,40,40,bulls,wizards,6,L,-40,,nba,yes
2/9/2018,gabe,40,40,under,over,215,W,40,bulls_wizards,nba,yes
2/9/2018,gabe,40,40,spurs,warrors,11,L,-40,,nba,yes
2/9/2018,gabe,40,40,under,over,215.5,L,-40,spurs_warriors,nba,yes
2/9/2018,gabe,40,40,lakers,mavs,1.5,L,-40,,nba,yes
2/9/2018,gabe,40,40,under,over,215,L,-40,lakers_mavs,nba,yes
2/9/2018,gabe,40,40,nuggets,suns,-7,W,40,,nba,yes
2/9/2018,gabe,40,40,under,over,219.5,L,-40,nuggets_suns,nba,yes
2/12/2018,gabe,40,40,knicks,76ers,11.5,L,-40,,nba,yes
2/12/2018,gabe,40,40,under,over,210,W,40,knicks_76ers,nba,yes
2/12/2018,gabe,40,40,pelicans,pistons,2.5,W,40,,nba,yes
2/12/2018,gabe,40,40,under,over,220,L,-40,pelicans_pistons,nba,yes
2/12/2018,gabe,40,40,nets,clippers,4.5,L,-40,,nba,yes
2/12/2018,gabe,40,40,under,over,221,W,40,nets_clippers,nba,yes
2/12/2018,gabe,40,40,bulls,magic,-5,L,-40,,nba,yes
2/12/2018,gabe,40,40,under,over,215,W,40,bulls_magic,nba,yes
2/12/2018,gabe,40,40,spurs,jazz,4.5,W,40,,nba,yes
2/12/2018,gabe,40,40,over,under,197,W,40,spurs_jazz,nba,yes
2/12/2018,gabe,40,40,warriors,suns,-15,W,40,,nba,yes
2/12/2018,gabe,40,40,under,over,232,W,40,warriors_suns,nba,yes
2/12/2018,gabe,40,40,heat,raptors,8,W,40,,nba,yes
2/12/2018,gabe,40,40,over,under,206,W,40,heat_raptors,nba,yes
2/12/2018,gabe,40,40,bucks,hawks,-7.5,L,-40,,nba,yes
2/12/2018,gabe,40,40,under,over,209.5,W,40,bucks_hawks,nba,yes
2/12/2018,gabe,40,40,rockets,timberwolves,-2.5,W,40,,nba,yes
2/12/2018,gabe,40,40,under,over,222,L,-40,rockets_timberwolves,nba,yes
2/12/2018,gabe,40,40,cavs,thunder,1.5,W,40,,nba,yes
2/12/2018,gabe,40,40,under,over,221.5,L,-40,cavs_thunder,nba,yes
2/12/2018,gabe,40,40,kings,mavs,6.5,W,40,,nba,yes
2/12/2018,gabe,40,40,under,over,206,L,-40,kings_mavs,nba,yes
2/12/2018,gabe,40,40,spurs,nuggets,6,L,-40,,nba,yes
2/12/2018,gabe,40,40,under,over,226,L,-40,spurs_nuggets,nba,yes
2/14/2018,gabe,40,40,pistons,hawks,-10,L,-40,,nba,yes
2/14/2018,gabe,40,40,over,under,207.5,L,-40,pistons_hawks,nba,yes
2/14/2018,gabe,40,40,heat,76ers,6.5,W,40,,nba,yes
2/14/2018,gabe,40,40,over,under,202,W,40,heat_76ers,nba,yes
2/14/2018,gabe,40,40,magic,hornets,6,W,40,,nba,yes
2/14/2018,gabe,40,40,pacers,nets,-4,W,40,,nba,yes
2/14/2018,gabe,40,40,wizards,knicks,-4.5,W,40,,nba,yes
2/14/2018,gabe,40,40,bulls,raptors,7,L,-40,,nba,yes
2/14/2018,gabe,40,40,rockets,kings,-14.5,L,-40,,nba,yes
2/14/2018,gabe,40,40,clippers,celtics,5,W,40,,nba,yes
2/14/2018,gabe,40,40,over,under,212,W,40,clippers_celtics,nba,yes
2/14/2018,gabe,40,40,pelicans,lakers,-5,W,40,,nba,yes
2/14/2018,gabe,40,40,thunder,grizzlies,-4,W,40,,nba,yes
2/14/2018,gabe,40,40,jazz,suns,-11.5,L,-40,,nba,yes
2/14/2018,gabe,40,40,warriors,trailblazers,-6,L,-40,,nba,yes
2/15/2018,gabe,50,50,nuggets,bucks,2.5,W,50,,nba,yes
2/15/2018,gabe,50,50,over,under,214,W,50,nuggets_bucks,nba,yes
2/15/2018,gabe,50,50,lakers,timberwolves,10,W,50,,nba,yes
2/15/2018,gabe,50,50,ohio_state,penn_state,1.5,L,-50,,cbb,yes
2/21/2018,gabe,50,50,florida,tennessee,4,L,-50,,cbb,yes
2/21/2018,gabe,50,50,over,under,137,L,-50,florida_tennessee,cbb,yes
2/22/2018,gabe,40,40,hornets,nets,-8,W,40,,nba,yes
2/22/2018,gabe,40,40,over,under,215.5,L,-40,hornets_nets,nba,yes
2/22/2018,gabe,40,40,magic,knicks,-3.5,L,-40,,nba,yes
2/22/2018,gabe,40,40,cavs,wizards,-5.5,L,-40,,nba,yes
2/22/2018,gabe,40,40,over,under,220.5,L,-40,cavs_wizards,nba,yes
2/22/2018,gabe,40,40,bulls,76ers,6.5,W,40,,nba,yes
2/22/2018,gabe,40,40,kings,thunder,7.5,W,40,,nba,yes
2/22/2018,gabe,40,40,warriors,clippers,-11,L,-40,,nba,yes
2/24/2018,gabe,40,40,magic,76ers,9.5,L,-40,,nba,yes
2/24/2018,gabe,40,40,knicks,celtics,5,L,-40,,nba,yes
2/24/2018,gabe,40,40,grizzlies,heat,8.5,L,-40,,nba,yes
2/24/2018,gabe,40,40,over,under,197,W,40,grizzlies_heat,nba,yes
2/24/2018,gabe,40,40,thunder,warrors,10,L,-40,,nba,yes
2/24/2018,gabe,40,40,jazz,mavs,-9,L,-40,,nba,yes
2/24/2018,gabe,40,40,trailblazers,suns,-6.5,L,-40,,nba,yes
2/24/2018,gabe,40,40,timberwolves,bulls,-7,W,40,,nba,yes
2/24/2018,gabe,40,40,lakers,kings,-1.5,W,40,,nba,yes
2/25/2018,gabe,40,40,bucks,pelicans,-4,L,-40,,nba,yes
2/25/2018,gabe,40,40,over,under,220,W,40,bucks_pelicans,nba,yes
2/25/2018,gabe,40,40,cavs,spurs,-4.5,L,-40,,nba,yes
2/25/2018,gabe,40,40,over,under,215.5,L,-40,cavs_spurs,nba,yes
2/25/2018,gabe,40,40,nuggets,rockets,4.5,L,-40,,nba,yes
2/25/2018,gabe,40,40,over,under,225,W,40,nuggets_rockets,nba,yes
2/25/2018,gabe,40,40,76ers,wizards,1.5,L,-40,,nba,yes
2/25/2018,gabe,40,40,over,under,213.5,L,-40,76ers_wizards,nba,yes
2/26/2018,gabe,40,40,pistons,raptors,10.5,L,-40,,nba,yes
2/26/2018,gabe,44,40,under,over,217.5,W,40,pistons_raptors,nba,yes
2/26/2018,gabe,40,40,bulls,nets,5,L,-40,,nba,yes
2/26/2018,gabe,44,40,under,over,216.5,W,40,bulls_nets,nba,yes
2/26/2018,gabe,40,40,celtics,grizzlies,-12,L,-40,,nba,yes
2/26/2018,gabe,44,40,over,under,204,W,40,celtics_grizzlies,nba,yes
2/26/2018,gabe,40,40,lakers,hawks,-2,W,40,,nba,yes
2/26/2018,gabe,44,40,under,over,221,L,-44,lakers_hawks,nba,yes
2/26/2018,gabe,40,40,warriors,knicks,-12,W,40,,nba,yes
2/26/2018,gabe,44,40,under,over,227,L,-44,warriors_knicks,nba,yes
2/26/2018,gabe,40,40,pelicans,suns,-7.5,W,40,,nba,yes
2/26/2018,gabe,44,40,under,over,235.5,L,-44,pelicans_suns,nba,yes
2/26/2018,gabe,40,40,magic,thunder,10.5,W,40,,nba,yes
2/26/2018,gabe,44,40,under,over,218,W,40,magic_thunder,nba,yes
2/26/2018,gabe,40,40,pacers,mavs,-3,L,-40,,nba,yes
2/26/2018,gabe,44,40,under,over,210,L,-44,pacers_mavs,nba,yes
2/26/2018,gabe,40,40,rockets,jazz,-2,W,40,,nba,yes
2/26/2018,gabe,44,40,under,over,211.5,W,40,rockets_jazz,nba,yes
2/26/2018,gabe,40,40,kings,timberwolves,5.5,L,-40,,nba,yes
2/26/2018,gabe,44,40,under,over,216.5,L,-44,kings_timberwolves,nba,yes
2/27/2018,gabe,40,40,bulls,hornets,11,L,-40,,nba,yes
2/27/2018,gabe,44,40,under,over,218.5,L,-44,bulls_hornets,nba,yes
2/27/2018,gabe,40,40,cavs,nets,-10,L,-40,,nba,yes
2/27/2018,gabe,44,40,under,over,222,L,-44,cavs_nets,nba,yes
2/27/2018,gabe,40,40,76ers,heat,1,P,0,,nba,yes
2/27/2018,gabe,44,40,over,under,205,L,-40,76ers_heat,nba,yes
2/27/2018,gabe,40,40,bucks,wizards,-3,L,-40,,nba,yes
2/27/2018,gabe,44,40,over,under,212,L,-40,bucks_wizards,nba,yes
2/27/2018,gabe,40,40,trailblazers,kings,-12,W,40,,nba,yes
2/27/2018,gabe,44,40,under,over,208.5,L,-44,trailblazers_kings,nba,yes
2/27/2018,gabe,40,40,nuggets,clippers,-5,L,-40,,nba,yes
2/27/2018,gabe,44,40,under,over,230,L,-44,nuggets_clippers,nba,yes
2/28/2018,gabe,40,40,pistons,bucks,-1.5,W,40,,nba,yes
2/28/2018,gabe,44,40,under,over,208,W,40,pistons_bucks,nba,yes
2/28/2018,gabe,40,40,magic,raptors,9.5,L,-40,,nba,yes
2/28/2018,gabe,44,40,under,over,222,W,40,magic_raptors,nba,yes
2/28/2018,gabe,40,40,pacers,hawks,-5,L,-40,,nba,yes
2/28/2018,gabe,44,40,under,over,214,W,40,pacers_hawks,nba,yes
2/28/2018,gabe,40,40,celtics,hornets,-7.5,W,40,,nba,yes
2/28/2018,gabe,44,40,under,over,208.5,L,-44,celtics_hornets,nba,yes
2/28/2018,gabe,40,40,grizzlies,suns,-1.5,L,-40,,nba,yes
2/28/2018,gabe,44,40,under,over,216,W,40,grizzlies_suns,nba,yes
2/28/2018,gabe,40,40,warriors,wizards,-8.5,L,-40,,nba,yes
2/28/2018,gabe,44,40,under,over,225.5,W,40,warriors_wizards,nba,yes
2/28/2018,gabe,40,40,spurs,pelicans,-5,L,-40,,nba,yes
2/28/2018,gabe,44,40,under,over,218.5,L,-44,spurs_pelicans,nba,yes
2/28/2018,gabe,40,40,thunder,mavs,-5,L,-40,,nba,yes
2/28/2018,gabe,44,40,under,over,211,L,-44,thunder_mavs,nba,yes
2/28/2018,gabe,40,40,clippers,rockets,8,L,-40,,nba,yes
2/28/2018,gabe,44,40,under,over,226.5,W,40,clippers_rockets,nba,yes
3/1/2018,gabe,40,40,heat,lakers,-5,L,-40,,nba,yes
3/1/2018,gabe,44,40,under,over,216.5,L,-44,heat_lakers,nba,yes
3/1/2018,gabe,40,40,cavs,76ers,-2.5,L,-40,,nba,yes
3/1/2018,gabe,44,40,under,over,223,W,40,cavs_76ers,nba,yes
3/1/2018,gabe,40,40,kings,nets,2.5,W,40,,nba,yes
3/1/2018,gabe,44,40,under,over,213,L,-44,kings_nets,nba,yes
3/1/2018,gabe,40,40,trailblazers,timberwolves,-5,W,40,,nba,yes
3/1/2018,gabe,40,40,over,under,217.5,L,-40,trailblazers_timberwolves,nba,yes
3/2/2018,gabe,40,40,magic,pistons,3,W,40,,nba,yes
3/2/2018,gabe,44,40,under,over,214,L,-44,magic_pisons,nba,yes
3/2/2018,gabe,40,40,76ers,hornets,-3.5,W,40,,nba,yes
3/2/2018,gabe,44,40,under,over,214,W,40,76ers_hornets,nba,yes
3/2/2018,gabe,40,40,warriors,hawks,-13,L,-40,,nba,yes
3/2/2018,gabe,44,40,under,over,226,W,40,warriors_hawks,nba,yes
3/2/2018,gabe,40,40,bulls,mavs,2,W,40,,nba,yes
3/2/2018,gabe,44,40,under,over,214,W,40,bulls_mavs,nba,yes
3/2/2018,gabe,40,40,nuggets,grizzlies,-7.5,L,-40,,nba,yes
3/2/2018,gabe,44,40,under,over,213.5,W,40,nuggets_grizzlies,nba,yes
3/2/2018,gabe,40,40,raptors,wizards,-4,W,40,,nba,yes
3/2/2018,gabe,40,40,over,under,217,L,-40,raptors_wizards,nba,yes
3/2/2018,gabe,40,40,bucks,pacers,-3.5,L,-40,,nba,yes
3/2/2018,gabe,44,40,under,over,210.5,W,40,bucks_pacers,nba,yes
3/2/2018,gabe,40,40,thunder,suns,-7.5,W,40,,nba,yes
3/2/2018,gabe,44,40,under,over,226.5,L,-44,thunder_suns,nba,yes
3/2/2018,gabe,40,40,jazz,timberwolves,-7,W,40,,nba,yes
3/2/2018,gabe,44,40,under,over,208,L,-44,jazz_timberwolves,nba,yes
3/2/2018,gabe,40,40,knicks,clippers,8.5,L,-40,,nba,yes
3/2/2018,gabe,44,40,under,over,226.5,L,-44,knicks_clippers,nba,yes
3/3/2018,gabe,40,40,grizzlies,magic,6.5,L,-40,,nba,yes
3/3/2018,gabe,44,40,under,over,211,W,40,grizzlies_magic,nba,yes
3/3/2018,gabe,40,40,pistons,heat,5.5,L,-40,,nba,yes
3/3/2018,gabe,40,40,over,under,203.5,L,-40,pistons_heat,nba,yes
3/3/2018,gabe,40,40,rockets,celtics,-8.5,L,-40,,nba,yes
3/3/2018,gabe,40,40,under,over,213,L,-44,rockets_celtics,nba,yes
3/3/2018,gabe,40,40,spurs,lakers,-5.5,L,-40,,nba,yes
3/3/2018,gabe,44,40,under,over,218,L,-44,spurs_lakers,nba,yes
3/3/2018,gabe,40,40,kings,jazz,7.5,W,40,,nba,yes
3/3/2018,gabe,44,40,under,over,202,W,40,kings_jazz,nba,yes
3/3/2018,gabe,40,40,thunder,trailblazers,5.5,L,-40,,nba,yes
3/3/2018,gabe,44,40,over,under,214.5,L,-40,thunder_trailblazers,nba,yes
3/3/2018,gabe,40,40,cavs,nuggets,-4.5,L,-40,,nba,yes
3/3/2018,gabe,40,40,over,under,228.5,W,40,cavs_nuggets,nba,yes
3/4/2018,gabe,40,40,purdue,michigan,-4.5,L,-40,,cbb,yes
3/5/2018,gabe,40,40,cavs,pistons,-6,W,40,,nba,yes
3/5/2018,gabe,44,40,under,over,218.5,W,40,cavs_pistons,nba,yes
3/5/2018,gabe,40,40,pacers,bucks,-2.5,W,40,,nba,yes
3/5/2018,gabe,44,40,under,over,208,W,40,pacers_bucks,nba,yes
3/5/2018,gabe,40,40,suns,heat,9,L,-40,,nba,yes
3/5/2018,gabe,44,40,under,over,216.5,L,-44,suns_heat,nba,yes
3/5/2018,gabe,40,40,bulls,celtics,8.5,L,-40,,nba,yes
3/5/2018,gabe,44,40,under,over,214.5,W,40,bulls_celtics,nba,yes
3/5/2018,gabe,40,40,spurs,grizzlies,-11,L,-40,,nba,yes
3/5/2018,gabe,44,40,under,over,201.5,W,40,spurs_grizzlies,nba,yes
3/5/2018,gabe,40,40,magic,jazz,10,L,-40,,nba,yes
3/5/2018,gabe,44,40,under,over,207,W,40,magic_jazz,nba,yes
3/5/2018,gabe,40,40,trailblazers,lakers,-2,W,40,,nba,yes
3/5/2018,gabe,44,40,under,over,224.5,W,40,trailblazers_lakers,nba,yes
3/7/2018,gabe,40,40,bulls,grizzlies,-3.5,W,40,,nba,yes
3/7/2018,gabe,44,40,under,over,211.5,L,-44,bulls_grizzlies,nba,yes
3/7/2018,gabe,40,40,bucks,rockets,5.5,L,-40,,nba,yes
3/7/2018,gabe,44,40,under,over,214,W,40,bucks_rockets,nba,yes
3/7/2018,gabe,40,40,raptors,pistons,-5.5,L,-40,,nba,yes
3/7/2018,gabe,44,40,under,over,214,L,-44,raptors_pistons,nba,yes
3/7/2018,gabe,40,40,pelicans,kings,-5.5,W,40,,nba,yes
3/7/2018,gabe,44,40,under,over,223.5,W,40,pelicans_kings,nba,yes
3/7/2018,gabe,40,40,cavs,nuggets,3.5,W,40,,nba,yes
3/7/2018,gabe,44,40,under,over,229,W,40,cavs_nuggets,nba,yes
3/7/2018,gabe,40,40,magic,lakers,6.5,W,40,,nba,yes
3/7/2018,gabe,44,40,under,over,225,W,40,magic_lakers,nba,yes
3/8/2018,gabe,40,40,pacers,hawks,-8.5,W,40,,nba,yes
3/8/2018,gabe,44,40,under,over,209.5,W,40,pacers_hawks,nba,yes
3/8/2018,gabe,40,40,pistons,bulls,-8,W,40,,nba,yes
3/8/2018,gabe,44,40,under,over,212.5,W,40,pistons_bulls,nba,yes
3/8/2018,gabe,40,40,rockets,raptors,-2.5,L,-40,,nba,yes
3/8/2018,gabe,44,40,over,under,220.5,L,-40,rockets_raptors,nba,yes
3/8/2018,gabe,40,40,bucks,knicks,-10,L,-40,,nba,yes
3/8/2018,gabe,44,40,under,over,212.5,L,-44,bucks_knicks,nba,yes
3/8/2018,gabe,40,40,grizzlies,jazz,9,L,-40,,nba,yes
3/8/2018,gabe,44,40,over,under,197.5,L,-40,grizzlies_jazz,nba,yes
3/8/2018,gabe,40,40,pelicans,wizards,3.5,L,-40,,nba,yes
3/8/2018,gabe,44,40,under,over,220,W,40,pelicans_wizards,nba,yes
3/8/2018,gabe,40,40,nuggets,lakers,-6.5,W,40,,nba,yes
3/8/2018,gabe,44,40,under,over,229.5,L,-44,nuggets_lakers,nba,yes
3/8/2018,gabe,40,40,warriors,trailblazers,-1.5,L,-40,,nba,yes
3/8/2018,gabe,44,40,over,under,222.5,W,40,warriors_trailblazers,nba,yes
3/8/2018,gabe,40,40,magic,kings,4,L,-40,,nba,yes
3/8/2018,gabe,44,40,under,over,210,W,40,magic_kings,nba,yes
3/8/2018,gabe,40,40,cavs,clippers,1.5,L,-40,,nba,yes
3/8/2018,gabe,44,40,under,over,229.5,W,40,cavs_clippers,nba,yes
3/8/2018,gabe,40,40,florida,arkansas,-4,L,-40,,cbb,yes
3/8/2018,gabe,40,40,over,under,144.5,W,40,florida_arkansas,cbb,yes
3/10/2018,gabe,40,40,wizards,heat,5,L,-40,,nba,yes
3/10/2018,gabe,44,40,under,over,205.5,L,-44,wizards_heat,nba,yes
3/10/2018,gabe,40,40,thunder,spurs,-4.5,W,40,,nba,yes
3/10/2018,gabe,44,40,under,over,211,W,40,thunder_spurs,nba,yes
3/10/2018,gabe,40,40,grizzlies,mavs,8.5,L,-40,,nba,yes
3/10/2018,gabe,44,40,under,over,208,W,40,grizzlies_mavs,nba,yes
3/10/2018,gabe,40,40,magic,clippers,11.5,W,40,,nba,yes
3/10/2018,gabe,44,40,under,over,216.5,L,-44,magic_clippers,nba,yes
3/11/2018,gabe,40,40,knicks,raptors,9.5,L,-40,,nba,yes
3/11/2018,gabe,44,40,under,over,217,L,-44,knicks_raptors,nba,yes
3/11/2018,gabe,40,40,bulls,hawks,2.5,W,40,,nba,yes
3/11/2018,gabe,44,40,under,over,214.5,L,-44,bulls_hawks,nba,yes
3/11/2018,gabe,40,40,warriors,timberwolves,-4.5,L,-40,,nba,yes
3/11/2018,gabe,40,40,over,under,225.5,L,-40,warriors_timberwolves,nba,yes
3/11/2018,gabe,40,40,pelicans,jazz,2.5,L,-40,,nba,yes
3/11/2018,gabe,44,40,under,over,213,L,-44,pelicans_jazz,nba,yes
3/11/2018,gabe,40,40,nuggets,kings,-11.5,W,40,,nba,yes
3/11/2018,gabe,44,40,under,over,217,L,-44,nuggets_kings,nba,yes
3/11/2018,gabe,40,40,rockets,mavs,-9.5,W,40,,nba,yes
3/11/2018,gabe,44,40,under,over,211.5,W,40,rockets_mavs,nba,yes
3/11/2018,gabe,40,40,pacers,celtics,6.5,W,40,,nba,yes
3/11/2018,gabe,44,40,under,over,207.5,W,40,pacers_celtics,nba,yes
3/11/2018,gabe,40,40,76ers,nets,6,L,-40,,nba,yes
3/11/2018,gabe,44,40,under,over,217.5,W,40,76ers_nets,nba,yes
3/11/2018,gabe,40,40,cavs,lakers,-2,L,-40,,nba,yes
3/11/2018,gabe,44,40,under,over,228.5,L,-44,cavs_lakers,nba,yes
3/14/2018,gabe,40,40,magic,bucks,9,W,40,,nba,yes
3/14/2018,gabe,42,40,under,over,208,L,-42,magic_bucks,nba,yes
3/14/2018,gabe,40,40,wizards,celtics,-3.5,L,-40,,nba,yes
3/14/2018,gabe,42,40,under,over,203,L,-42,wizards_celtics,nba,yes
3/14/2018,gabe,40,40,kings,heat,7,W,40,,nba,yes
3/14/2018,gabe,42,40,under,over,207,L,-42,kings_heat,nba,yes
3/14/2018,gabe,40,40,warriors,lakers,-6.5,W,40,,nba,yes
3/14/2018,gabe,42,40,under,over,224.5,W,40,warriors_lakers,nba,yes
3/15/2018,gabe,200,200,bracket,bracket,ncca_tourney,,-200,,cbb,yes
3/15/2018,gabe,40,40,raptors,pacers,-4,W,40,,nba,yes
3/15/2018,gabe,42,40,under,over,212.5,W,40,raptors_pacers,nba,yes
3/15/2018,gabe,40,40,hornets,hawks,-5.5,W,40,,nba,yes
3/15/2018,gabe,42,40,under,over,219.5,L,-42,hornets_hawks,nba,yes
3/15/2018,gabe,40,40,knicks,76ers,9.5,W,40,,nba,yes
3/15/2018,gabe,42,40,under,over,216.5,L,-42,knicks_76ers,nba,yes
3/15/2018,gabe,40,40,rockets,clippers,-11.5,L,-40,,nba,yes
3/15/2018,gabe,42,40,under,over,223.5,W,40,rockets_clippers,nba,yes
3/15/2018,gabe,40,40,bulls,grizzlies,1,W,40,,nba,yes
3/15/2018,gabe,42,40,under,over,211.5,L,-42,bulls_grizzlies,nba,yes
3/15/2018,gabe,40,40,spurs,pelicans,-4.5,W,40,,nba,yes
3/15/2018,gabe,42,40,under,over,219,W,40,spurs_pelicans,nba,yes
3/15/2018,gabe,40,40,suns,jazz,13.5,L,-40,,nba,yes
3/15/2018,gabe,42,40,under,over,213,W,40,suns_jazz,nba,yes
3/15/2018,gabe,40,40,pistons,nuggets,8.5,W,40,,nba,yes
3/15/2018,gabe,42,40,under,over,220,L,-42,pistons_nuggets,nba,yes
3/15/2018,gabe,40,40,villanova,radford,-23,W,40,,cbb,yes
3/15/2018,gabe,40,40,over,under,138.5,W,40,villanova_radford,cbb,yes
3/15/2018,gabe,40,40,virginia tech,alabama,-2.5,L,-40,,cbb,yes
3/15/2018,gabe,42,40,under,over,141,L,-42,virginia tech_alabama,cbb,yes
3/15/2018,gabe,40,40,seton hall,nc state,-3,W,40,,cbb,yes
3/15/2018,gabe,42,40,under,over,158.5,L,-42,seton hall_nc state,cbb,yes
3/15/2018,gabe,40,40,michigan,montana,-10,W,40,,cbb,yes
3/15/2018,gabe,40,40,over,under,134,L,-42,michigan_montana,cbb,yes
3/15/2018,gabe,40,40,davidson,kentucky,4.5,L,-40,,cbb,yes
3/15/2018,gabe,40,40,over,under,142.5,W,40,davidson_kentucky,cbb,yes
3/15/2018,gabe,40,40,arizona,buffalo,-8,L,-40,,cbb,yes
3/15/2018,gabe,42,40,under,over,158.5,W,40,arizona_buffalo,cbb,yes
3/15/2018,gabe,40,40,florida,st bonaventure,-5.5,W,40,,cbb,yes
3/15/2018,gabe,40,40,over,under,143,L,-40,florida_st bonaventure,cbb,yes
3/16/2018,gabe,40,40,magic,celtics,6.5,L,-40,,nba,yes
3/16/2018,gabe,42,40,under,over,203.5,W,40,magic_celtics,nba,yes
3/16/2018,gabe,40,40,76ers,nets,-8.5,L,-40,,nba,yes
3/16/2018,gabe,42,40,under,over,217.5,L,-42,76ers_nets,nba,yes
3/16/2018,gabe,40,40,mavs,raptors,10.5,W,40,,nba,yes
3/16/2018,gabe,42,40,under,over,211,L,-42,mavs_raptors,nba,yes
3/16/2018,gabe,40,40,thunder,clippers,-4.5,W,40,,nba,yes
3/16/2018,gabe,42,40,under,over,223,L,-42,thunder_clippers,nba,yes
3/16/2018,gabe,40,40,warriors,kings,-10,L,-40,,nba,yes
3/16/2018,gabe,42,40,under,over,210,W,40,warriors_kings,nba,yes
3/16/2018,gabe,40,40,lakers,heat,-4,L,-40,,nba,yes
3/16/2018,gabe,42,40,under,over,220,W,40,lakers_heat,nba,yes
3/16/2018,gabe,40,40,texas am,providence,-3,W,40,,cbb,yes
3/16/2018,gabe,40,40,over,under,138.5,W,40,texas am_providence,cbb,yes
3/16/2018,gabe,40,40,purdue,cs fullerton,-20,W,40,,cbb,yes
3/16/2018,gabe,42,40,under,over,144.5,W,40,purdue_cs fullerton,cbb,yes
3/16/2018,gabe,40,40,marshall,witchita state,12.5,W,40,,cbb,yes
3/16/2018,gabe,42,40,under,over,167.5,W,40,marshall_witchita state,cbb,yes
3/16/2018,gabe,40,40,cincinnati,georgia state,-13.5,W,40,,cbb,yes
3/16/2018,gabe,42,40,under,over,130.5,W,40,cinncinnati_georgia state,cbb,yes
3/16/2018,gabe,40,40,north_caronlina,libscomb,-20.5,L,-40,,cbb,yes
3/16/2018,gabe,42,40,under,over,162.5,W,40,north carolina_libscomb,cbb,yes
3/16/2018,gabe,40,40,butler,arkansas,-1.5,W,40,,cbb,yes
3/16/2018,gabe,40,40,over,under,150.5,L,-40,butler_arkansas,cbb,yes
3/16/2018,gabe,40,40,murray_state,west_virginia,10,L,-40,,cbb,yes
3/16/2018,gabe,40,40,over,under,145.5,W,40,murray state_west virginia,cbb,yes
3/16/2018,gabe,40,40,nevada,texas,1,W,40,,cbb,yes
3/16/2018,gabe,40,40,over,under,143.5,W,40,nevad_texas,cbb,yes
3/16/2018,gabe,40,40,kansas state,creighton,1,W,40,,cbb,yes
3/16/2018,gabe,42,40,under,over,144.5,W,40,kansas state_creighton,cbb,yes
3/16/2018,gabe,40,40,bucknell,michigan state,13.5,W,40,,cbb,yes
3/16/2018,gabe,42,40,under,over,150,L,-42,bucknell_michigan state,cbb,yes
3/16/2018,gabe,40,40,xavier,texas southern,-18.5,W,40,,cbb,yes
3/16/2018,gabe,42,40,under,over,160.5,L,-42,xavier_texas southern,cbb,yes
3/16/2018,gabe,40,40,college charleston,auburn,9.5,W,40,,cbb,yes
3/16/2018,gabe,42,40,under,over,148,W,40,college charleston_auburn,cbb,yes
3/16/2018,gabe,40,40,virginia,umbc,-20,L,-40,,cbb,yes
3/16/2018,gabe,40,40,over,under,120.5,W,40,virginia_umbc,cbb,yes
3/16/2018,gabe,40,40,syracuse,texas christian,4.5,W,40,,cbb,yes
3/16/2018,gabe,40,40,over,under,136.5,L,-40,syracuse_texas christian,cbb,yes
3/16/2018,gabe,40,40,florida_state,mizzou,2,W,40,,cbb,yes
3/16/2018,gabe,40,40,under,over,146,W,40,florida state_mizzou,cbb,yes
3/16/2018,gabe,40,40,clemson,new mexico state,-4.5,W,40,,cbb,yes
3/16/2018,gabe,40,40,over,under,134,W,40,clemson_new mexico state,cbb,yes
3/17/2018,gabe,40,40,rhode island,duke,9,L,-40,,cbb,yes
3/17/2018,gabe,44,40,under,over,148.5,L,-44,rhode island_duke,cbb,yes
3/17/2018,gabe,40,40,kansas,seton hall,-4.5,L,-40,,cbb,yes
3/17/2018,gabe,44,40,under,over,154.5,L,-44,kansas_seton hall,cbb,yes
3/17/2018,gabe,40,40,michigan,houston,-3,L,-40,,cbb,yes
3/17/2018,gabe,40,40,over,under,135,L,-40,michigan_houston,cbb,yes
3/17/2018,gabe,40,40,loyola chicago,tennessee,5,W,40,,cbb,yes
3/17/2018,gabe,40,40,over,under,131,L,-40,loyola chicago_tennessee,cbb,yes
3/17/2018,gabe,40,40,texas tech,florida,-1.5,W,40,,cbb,yes
3/17/2018,gabe,40,40,over,under,133.5,W,40,texas tech_florida,cbb,yes
3/17/2018,gabe,40,40,ohio state,gonzaga,4,L,-40,,cbb,yes
3/17/2018,gabe,40,40,over,under,143.5,W,40,ohio state_gonzaga,cbb,yes
3/17/2018,gabe,40,40,kentucky,buffalo,-5.5,W,40,,cbb,yes
3/17/2018,gabe,40,40,under,over,155.5,L,-44,kentucky_buffalo,cbb,yes
3/17/2018,gabe,40,40,bucks,hawks,-10.5,L,-40,,nba,yes
3/17/2018,gabe,40,40,under,over,214,L,-44,bucks_hawks,nba,yes
3/17/2018,gabe,40,40,pacers,wizards,4.5,L,-40,,nba,yes
3/17/2018,gabe,40,40,under,over,209,L,-44,pacers_wizards,nba,yes
3/17/2018,gabe,40,40,rockets,pelicans,-7.5,L,-40,,nba,yes
3/17/2018,gabe,40,40,over,under,227,L,-40,rockets_pelicans,nba,yes
3/17/2018,gabe,40,40,nets,mavs,-3.5,W,40,,nba,yes
3/17/2018,gabe,40,40,under,over,212,L,-40,nets_mavs,nba,yes
3/17/2018,gabe,40,40,hornets,knicks,-6.5,L,-40,,nba,yes
3/17/2018,gabe,40,40,over,under,223,W,40,hornets_knicks,nba,yes
3/17/2018,gabe,40,40,nuggets,grizzlies,-6.5,L,-40,,nba,yes
3/17/2018,gabe,40,40,under,over,214.5,W,40,nuggets_grizzlies,nba,yes
3/17/2018,gabe,40,40,bulls,cavs,6.5,W,40,,nba,yes
3/17/2018,gabe,40,40,under,over,224.5,W,40,bulls_cavs,nba,yes
3/17/2018,gabe,40,40,spurs,timberwolves,-4,W,40,,nba,yes
3/17/2018,gabe,40,40,under,over,211,L,-44,spurs_timberwolves,nba,yes
3/17/2018,gabe,40,40,kings,jazz,15.5,W,40,,nba,yes
3/17/2018,gabe,40,40,under,over,197.5,L,-44,kings_jazz,nba,yes
3/17/2018,gabe,40,40,warriors,suns,-3,W,40,,nba,yes
3/17/2018,gabe,40,40,under,over,215.5,L,-44,warriors_suns,nba,yes
3/17/2018,gabe,40,40,pistons,trailblazers,8.5,L,-40,,nba,yes
3/17/2018,gabe,40,40,over,under,207.5,L,-40,pistons_trailblazers,nba,yes
3/19/2018,gabe,40,40,magic,raptors,10,W,40,,nba,yes
3/19/2018,gabe,42,40,under,over,215,W,40,magic_raptors,nba,yes
3/19/2018,gabe,40,40,pelicans,mavs,-8.5,W,40,,nba,yes
3/19/2018,gabe,42,40,under,over,219,L,-42,pelicans_mavs,nba,yes
3/19/2018,gabe,40,40,timberwolves,clippers,-4,W,40,,nba,yes
3/19/2018,gabe,42,40,under,over,226,L,-42,timberwolves_clippers,nba,yes
3/19/2018,gabe,40,40,celtics,thunder,4.5,W,40,,nba,yes
3/19/2018,gabe,40,40,over,under,208.5,L,-40,celtics_thunder,nba,yes
3/19/2018,gabe,40,40,hawks,jazz,14,W,40,,nba,yes
3/19/2018,gabe,40,40,under,over,206.5,W,40,hawks_jazz,nba,yes
3/19/2018,gabe,40,40,suns,pistons,6,L,-40,,nba,yes
3/19/2018,gabe,40,40,under,over,217,W,40,suns_pistons,nba,yes
3/19/2018,gabe,40,40,trailblazers,rockets,5,W,40,,nba,yes
3/19/2018,gabe,40,40,over,under,217.5,W,40,trailblazers_rockets,nba,yes
3/21/2018,gabe,40,40,raptors,cavs,1.5,L,-40,,nba,yes
3/21/2018,gabe,40,40,over,under,226,W,40,raptors_cavs,nba,yes
3/21/2018,gabe,40,40,grizzlies,76ers,12,L,-40,,nba,yes
3/21/2018,gabe,42,40,under,over,212,L,-42,grizzlies_76ers,nba,yes
3/21/2018,gabe,40,40,knicks,heat,10.5,L,-40,,nba,yes
3/21/2018,gabe,42,40,under,over,216.5,L,-42,knicks_heat,nba,yes
3/21/2018,gabe,40,40,hornets,nets,-1.5,W,40,,nba,yes
3/21/2018,gabe,42,40,under,over,221.5,W,40,hornets_nets,nba,yes
3/21/2018,gabe,40,40,clippers,bucks,5,W,40,,nba,yes
3/21/2018,gabe,40,40,over,under,223,W,40,clippers_bucks,nba,yes
3/21/2018,gabe,40,40,bulls,nuggets,9,L,-40,,nba,yes
3/21/2018,gabe,40,40,over,under,219.5,W,40,bulls_nuggets,nba,yes
3/21/2018,gabe,40,40,spurs,wizards,-5.5,W,40,,nba,yes
3/21/2018,gabe,40,40,over,under,202.5,L,-40,spurs_wizards,nba,yes
3/21/2018,gabe,40,40,pacers,pelicans,-1,L,-40,,nba,yes
3/21/2018,gabe,42,40,under,over,219.5,W,40,pacers_pelicans,nba,yes
3/22/2018,gabe,40,40,magic,76ers,7.5,L,-40,,nba,yes
3/22/2018,gabe,42,40,under,over,212.5,L,-42,magic_76ers,nba,yes
3/22/2018,gabe,40,40,jazz,mavs,-8,L,-40,,nba,yes
3/22/2018,gabe,42,40,under,over,199,L,-42,jazz_mavs,nba,yes
3/22/2018,gabe,40,40,kings,hawks,-2.5,W,40,,nba,yes
3/22/2018,gabe,42,40,under,over,212.5,W,40,kings_hawks,nba,yes
3/22/2018,gabe,40,40,kentucky,kansas state,-5.5,L,-40,,cbb,yes
3/22/2018,gabe,42,40,under,over,136,W,40,kentucky_kansas state,cbb,yes
3/22/2018,gabe,40,40,nevada,loyola chicago,-2,L,-40,,cbb,yes
3/22/2018,gabe,42,40,under,over,143.5,W,40,nevada_loyola chicago,cbb,yes
3/22/2018,gabe,40,40,texas am,michigan,2.5,L,-40,,cbb,yes
3/22/2018,gabe,40,40,over,under,136,W,40,texas am_michigan,cbb,yes
3/22/2018,gabe,40,40,florida state,gonzaga,5.5,W,40,,cbb,yes
3/22/2018,gabe,42,40,under,over,152.5,W,40,florida state_gonzaga,cbb,yes
3/23/2018,gabe,40,40,pacers,clippers,-3.5,W,40,,nba,yes
3/23/2018,gabe,42,40,under,over,215.5,W,40,pacers_clippers,nba,yes
3/23/2018,gabe,40,40,wizards,nuggets,-2.5,L,-40,,nba,yes
3/23/2018,gabe,40,40,over,under,218,L,-40,wizards_nuggets,nba,yes
3/23/2018,gabe,40,40,knicks,timberwolves,7.5,W,40,,nba,yes
3/23/2018,gabe,42,40,under,over,225.5,W,40,knicks_timberwolves,nba,yes
3/23/2018,gabe,40,40,cavs,suns,-13.5,W,40,,nba,yes
3/23/2018,gabe,42,40,under,over,229,W,40,cavs_suns,nba,yes
3/23/2018,gabe,40,40,raptors,nets,-12,L,-40,,nba,yes
3/23/2018,gabe,40,40,over,under,222,W,40,raptors_nets,nba,yes
3/23/2018,gabe,40,40,heat,thunder,6,P,0,,nba,yes
3/23/2018,gabe,42,40,under,over,217,W,40,heat_thunder,nba,yes
3/23/2018,gabe,40,40,bulls,bucks,5.5,L,-40,,nba,yes
3/23/2018,gabe,40,40,over,under,216,W,40,bulls_bucks,nba,yes
3/23/2018,gabe,40,40,spurs,jazz,-3.5,W,40,,nba,yes
3/23/2018,gabe,40,40,over,under,195,W,40,spurs_jazz,nba,yes
3/23/2018,gabe,40,40,celtics,trailblazers,6.5,W,40,,nba,yes
3/23/2018,gabe,40,40,over,under,203,W,40,celtics_trailblazers,nba,yes
3/23/2018,gabe,40,40,warriors,hawks,-10,W,40,,nba,yes
3/23/2018,gabe,40,40,over,under,220.5,L,-40,warriors_hawks,nba,yes
3/23/2018,gabe,40,40,villanova,west_virginia,-5,W,40,,cbb,yes
3/23/2018,gabe,42,40,under,over,152.5,L,-42,villanova_west virginia,cbb,yes
3/23/2018,gabe,40,40,purdue,texas_tech,-2,L,-40,,cbb,yes
3/23/2018,gabe,42,40,under,over,138,L,-42,purdue_texas tech,cbb,yes
3/23/2018,gabe,40,40,syracuse,duke,11,W,40,,cbb,yes
3/23/2018,gabe,40,40,over,under,133,W,40,syracuse_duke,cbb,yes
3/23/2018,gabe,40,40,clemson,kansas,5,W,40,,cbb,yes
3/23/2018,gabe,42,40,under,over,142.5,L,-42,clemson_kansas,cbb,yes
3/24/2018,gabe,40,40,timberwolves,76ers,7.5,L,-40,,nba,yes
3/24/2018,gabe,40,40,over,under,222.5,W,40,timberwolves_76ers,nba,yes
3/24/2018,gabe,40,40,bulls,pistons,12.5,L,-40,,nba,yes
3/24/2018,gabe,44,40,under,over,211.5,L,-44,bulls_pistons,nba,yes
3/24/2018,gabe,40,40,magic,suns,-6,P,0,,nba,yes
3/24/2018,gabe,44,40,under,over,218,W,40,magic_suns,nba,yes
3/24/2018,gabe,40,40,grizzlies,lakers,5,L,-40,,nba,yes
3/24/2018,gabe,44,40,under,over,218,W,40,grizzlies_lakers,nba,yes
3/24/2018,gabe,40,40,rockets,pelicans,-7.5,W,40,,nba,yes
3/24/2018,gabe,40,40,over,under,226,L,-40,rockets_pelicans,nba,yes
3/24/2018,gabe,40,40,hornets,mavs,-1.5,W,40,,nba,yes
3/24/2018,gabe,44,40,under,over,214,W,40,hornets_mavs,nba,yes
3/24/2018,gabe,40,40,kansas_state,loyola chicago,-1,L,-40,,cbb,yes
3/24/2018,gabe,40,40,over,under,126.5,W,40,kansas state_loyola chicago,cbb,yes
3/24/2018,gabe,40,40,florida state,michigan,4,P,0,,cbb,yes
3/24/2018,gabe,44,40,under,over,143.5,W,40,florida state_michigan,cbb,yes
3/25/2018,gabe,40,40,lakers,pistons,5.5,L,-40,,nba,yes
3/25/2018,gabe,44,40,under,over,213.5,L,-44,lakers_pistons,nba,yes
3/25/2018,gabe,40,40,hornets,knicks,-11.5,L,-40,,nba,yes
3/25/2018,gabe,40,40,over,under,221.5,W,40,hornets_knicks,nba,yes
3/25/2018,gabe,40,40,nuggets,76ers,5.5,L,-40,,nba,yes
3/25/2018,gabe,44,40,under,over,223.5,L,-44,nuggets_76ers,nba,yes
3/25/2018,gabe,40,40,timberwolves,grizzlies,-13.5,L,-40,,nba,yes
3/25/2018,gabe,40,40,over,under,215.5,L,-40,timberwolves_grizzlies,nba,yes
3/25/2018,gabe,40,40,suns,celtics,9,W,40,,nba,yes
3/25/2018,gabe,40,40,over,under,209.5,L,-40,suns_celtics,nba,yes
3/27/2018,gabe,40,40,spurs,wizards,-2,L,-40,,nba,yes
3/27/2018,gabe,40,40,over,under,201.5,W,40,spurs_wizards,nba,yes
3/27/2018,gabe,40,40,raptors,nuggets,-8.5,L,-40,,nba,yes
3/27/2018,gabe,40,40,over,under,225.5,L,-40,raptors_nuggets,nba,yes
3/27/2018,gabe,40,40,pelicans,trailblazers,-1,L,-40,,nba,yes
3/27/2018,gabe,40,40,over,under,221.5,L,-40,pelicans_trailblazers,nba,yes
3/27/2018,gabe,40,40,bulls,rockets,13.5,L,-40,,nba,yes
3/27/2018,gabe,40,40,under,over,214,W,40,bulls_rockets,nba,yes
3/27/2018,gabe,40,40,cavs,heat,-3,L,-40,,nba,yes
3/27/2018,gabe,40,40,under,over,221,W,40,cavs_heat,nba,yes
3/27/2018,gabe,40,40,kings,mavs,-2.5,L,-40,,nba,yes
3/27/2018,gabe,40,40,under,over,202,W,40,kings_mavs,nba,yes
3/27/2018,gabe,40,40,clippers,bucks,-3.5,W,40,,nba,yes
3/27/2018,gabe,40,40,under,over,225,W,40,clippers_bucks,nba,yes
3/27/2018,gabe,40,40,warriors,pacers,6.5,L,-40,,nba,yes
3/27/2018,gabe,40,40,under,over,201.5,W,40,warriors_pacers,nba,yes
3/28/2018,gabe,40,40,magic,nets,3.5,L,-40,,nba,yes
3/28/2018,gabe,42,40,under,over,216,W,40,magic_nets,nba,yes
3/28/2018,gabe,40,40,knicks,76ers,13.5,L,-40,,nba,yes
3/28/2018,gabe,42,40,under,over,223,W,40,knicks_76ers,nba,yes
3/28/2018,gabe,40,40,hornets,cavs,-2,L,-40,,nba,yes
3/28/2018,gabe,42,40,under,over,225.5,W,40,hornets_cavs,nba,yes
3/28/2018,gabe,40,40,timberwolves,hawks,-12.5,L,-40,,nba,yes
3/28/2018,gabe,42,40,under,over,220,L,-42,timberwolves_hawks,nba,yes
3/28/2018,gabe,40,40,trailblazers,grizzlies,-5.5,L,-40,,nba,yes
3/28/2018,gabe,40,40,over,under,201.5,W,40,trailblazers_grizzlies,nba,yes
3/28/2018,gabe,40,40,celtics,jazz,8.5,W,40,,nba,yes
3/28/2018,gabe,40,40,over,under,194,L,-40,celtics_jazz,nba,yes
3/28/2018,gabe,40,40,suns,clippers,10.5,L,-40,,nba,yes
3/28/2018,gabe,42,40,under,over,223,W,40,suns_clippers,nba,yes
3/28/2018,gabe,40,40,lakers,mavs,-8.5,W,40,,nba,yes
3/28/2018,gabe,40,40,over,under,215.5,L,-40,lakers_mavs,nba,yes
3/29/2018,gabe,40,40,wizards,pistons,1,L,-40,,nba,yes
3/29/2018,gabe,42,40,under,over,209,W,40,wizards_pistons,nba,yes
3/29/2018,gabe,40,40,heat,bulls,-13,L,-40,,nba,yes
3/29/2018,gabe,42,40,under,over,208.5,W,40,heat_bulls,nba,yes
3/29/2018,gabe,40,40,spurs,thunder,4,W,40,,nba,yes
3/29/2018,gabe,42,40,under,over,208.5,W,40,spurs_thunder,nba,yes
3/29/2018,gabe,40,40,pacers,kings,-8,L,-40,,nba,yes
3/29/2018,gabe,42,40,under,over,202.5,L,-42,pacers_kings,nba,yes
3/29/2018,gabe,40,40,warriors,bucks,-5,L,-40,,nba,yes
3/29/2018,gabe,40,40,over,under,215,W,40,warriors_bucks,nba,yes
3/30/2018,gabe,40,40,bulls,magic,6.5,W,40,,nba,yes
3/30/2018,gabe,42,40,under,over,210.5,W,40,bulls_magic,nba,yes
3/30/2018,gabe,40,40,76ers,hawks,-7.5,W,40,,nba,yes
3/30/2018,gabe,42,40,under,over,219.5,W,40,76ers_hawks,nba,yes
3/30/2018,gabe,40,40,cavs,pelicans,-4,W,40,,nba,yes
3/30/2018,gabe,42,40,under,over,227,W,40,cavs_pelicans,nba,yes
3/30/2018,gabe,40,40,thunder,nuggets,-4,L,-40,,nba,yes
3/30/2018,gabe,40,40,over,under,222.5,W,40,thunder_nuggets,nba,yes
3/30/2018,gabe,40,40,rockets,suns,-17,L,-40,,nba,yes
3/30/2018,gabe,42,40,under,over,217,W,40,rockets_suns,nba,yes
3/30/2018,gabe,40,40,timberwolves,mavs,-6,L,-40,,nba,yes
3/30/2018,gabe,40,40,over,under,216.5,L,-40,timberwolves_mavs,nba,yes
3/30/2018,gabe,40,40,grizzlies,jazz,15,W,40,,nba,yes
3/30/2018,gabe,40,40,over,under,197,W,40,grizzlies_jazz,nba,yes
3/30/2018,gabe,40,40,bucks,lakers,2,W,40,,nba,yes
3/30/2018,gabe,42,40,under,over,220,L,-42,bucks_lakers,nba,yes
3/30/2018,gabe,40,40,clippers,trailblazers,6.5,L,-40,,nba,yes
3/30/2018,gabe,40,40,over,under,217.5,L,-40,clippers_trailblazers,nba,yes
3/31/2018,gabe,50,50,hornets,wizards,5.5,L,-50,,nba,yes
3/31/2018,gabe,53,50,under,over,218.5,W,50,hornets_wizards,nba,yes
3/31/2018,gabe,50,50,pistons,knicks,-4,W,50,,nba,yes
3/31/2018,gabe,53,50,under,over,210.5,L,-53,pistons_knicks,nba,yes
3/31/2018,gabe,50,50,raptors,celtics,-4.5,L,-50,,nba,yes
3/31/2018,gabe,50,50,over,under,204.5,W,50,raptors_celtics,nba,yes
3/31/2018,gabe,50,50,heat,nets,-7.5,L,-50,,nba,yes
3/31/2018,gabe,53,50,under,over,211.5,L,-53,heat_nets,nba,yes
3/31/2018,gabe,50,50,kings,warriors,8.5,L,-50,,nba,yes
3/31/2018,gabe,53,50,under,over,210,W,50,kings_warriors,nba,yes
3/31/2018,gabe,50,50,loyola chicago,michigan,5,L,-50,,cbb,yes
3/31/2018,gabe,50,50,over,under,130,L,-53,loyola chicago_michigan,cbb,yes
3/31/2018,gabe,50,50,kansas,villanova,5,L,-50,,cbb,yes
3/31/2018,gabe,53,50,under,over,154.5,L,-50,kansas_villanova,cbb,yes
4/1/2018,gabe,40,40,jazz,timberwolves,-2.5,W,40,,nba,yes
4/1/2018,gabe,42,40,under,over,209.5,L,-42,jazz_timberwolves,nba,yes
4/1/2018,gabe,40,40,nuggets,bucks,-4.5,L,-40,,nba,yes
4/1/2018,gabe,40,40,over,under,222,W,40,nuggets_bucks,nba,yes
4/1/2018,gabe,40,40,warriors,suns,-14,L,-40,,nba,yes
4/1/2018,gabe,42,40,under,over,215,L,-42,warriors_suns,nba,yes
4/1/2018,gabe,40,40,trailblazers,grizzlies,-16,L,-40,,nba,yes
4/1/2018,gabe,40,40,over,under,205.5,W,40,trailblazers_grizzlies,nba,yes
4/1/2018,gabe,40,40,kings,lakers,7.5,W,40,,nba,yes
4/1/2018,gabe,40,40,over,under,212,L,-40,kings_lakers,nba,yes
4/2/2018,gabe,100,100,villanova,michigan,-7,W,100,,cbb,yes
4/2/2018,gabe,100,100,under,over,144,W,100,villanova_michigan,cbb,yes
4/4/2018,gabe,40,40,raptors,celtics,-7.5,W,40,,nba,
4/4/2018,gabe,42,40,under,over,206,W,40,raptors_celtics,nba,
4/4/2018,gabe,40,40,76ers,pistons,-1.5,W,40,,nba,
4/4/2018,gabe,42,40,under,over,215,L,-42,76ers_pistons,nba,
4/4/2018,gabe,40,40,magic,mavs,-3.5,W,40,,nba,
4/4/2018,gabe,40,40,over,under,198.5,W,40,magic_mavs,nba,
4/4/2018,gabe,40,40,heat,hawks,-8,W,40,,nba,
4/4/2018,gabe,40,40,over,under,205.5,L,-40,heat_hawks,nba,
4/4/2018,gabe,40,40,pelicans,grizzlies,-13,W,40,,nba,
4/4/2018,gabe,42,40,under,over,215.5,L,-42,pelicans_grizzlies,nba,
4/4/2018,gabe,40,40,spurs,lakers,-6,L,-40,,nba,
4/4/2018,gabe,42,40,under,over,208.5,L,-42,spurs_lakers,nba,
4/6/2018,gabe,40,40,magic,hornets,5.5,L,-40,,nba,
4/6/2018,gabe,44,40,under,over,211.5,L,-44,magic_hornets,nba,
4/6/2018,gabe,40,40,pistons,mavs,-6.5,W,40,,nba,
4/6/2018,gabe,44,40,under,over,203,L,-44,pistons_mavs,nba,
4/6/2018,gabe,40,40,wizards,hawks,-10.5,L,-40,,nba,
4/6/2018,gabe,40,40,over,under,208.5,L,-40,wizards_hawks,nba,
4/6/2018,gabe,40,40,cavs,76ers,4,W,40,,nba,
4/6/2018,gabe,44,40,under,over,224,L,-44,cavs_76ers,nba,
4/6/2018,gabe,40,40,bulls,celtics,8.5,W,40,,nba,
4/6/2018,gabe,40,40,over,under,199,W,40,bulls_celtics,nba,
4/6/2018,gabe,40,40,raptors,pacers,-7.5,W,40,,nba,
4/6/2018,gabe,40,40,over,under,209,L,-40,raptors_pacers,nba,
4/6/2018,gabe,40,40,heat,knicks,-8.5,L,-40,,nba,
4/6/2018,gabe,44,40,under,over,208.5,L,-44,heat_knicks,nba,
4/6/2018,gabe,40,40,kings,grizzlies,-3.5,L,-40,,nba,
4/6/2018,gabe,44,40,under,over,202.5,W,40,kings_grizzlies,nba,
4/6/2018,gabe,40,40,suns,pelicans,11.5,L,-40,,nba,
4/6/2018,gabe,44,40,under,over,219,L,-44,suns_pelicans,nba,
4/6/2018,gabe,40,40,timberwolves,lakers,-4.5,W,40,,nba,
4/6/2018,gabe,44,40,under,over,221,W,40,timberwolves_lakers,nba,
4/7/2018,gabe,40,40,bucks,knicks,-9,W,40,,nba,
4/7/2018,gabe,42,40,under,over,215.5,L,-42,bucks_knicks,nba,
4/7/2018,gabe,40,40,bulls,nets,6,L,-40,,nba,
4/7/2018,gabe,42,40,under,over,218.5,L,-42,bulls_nets,nba,
4/7/2018,gabe,40,40,warriors,pelicans,-6.5,L,-40,,nba,
4/7/2018,gabe,42,40,under,over,226,L,-42,warriors_pelicans,nba,
4/7/2018,gabe,40,40,thunder,rockets,5.5,W,40,,nba,
4/7/2018,gabe,42,40,under,over,219.5,W,40,thunder_rockets,nba,
4/7/2018,gabe,40,40,trailblazers,spurs,5,L,-40,,nba,
4/7/2018,gabe,40,40,over,under,202.5,W,40,trailblazers_spurs,nba,
4/8/2018,gabe,40,40,pistons,grizzlies,-6.5,L,-40,,nba,
4/8/2018,gabe,40,40,over,under,202.5,W,40,pistons_grizzlies,nba,
4/8/2018,gabe,40,40,magic,raptors,12.5,W,40,,nba,
4/8/2018,gabe,42,40,under,over,210,L,-42,magic_raptors,nba,
4/8/2018,gabe,40,40,jazz,lakers,-7.5,W,40,,nba,
4/8/2018,gabe,40,40,over,under,208.5,W,40,jazz_lakers,nba,
4/8/2018,gabe,40,40,warriors,suns,-12.5,W,40,,nba,
4/8/2018,gabe,42,40,under,over,216.5,L,-42,warriors_suns,nba,
4/9/2018,gabe,40,40,knicks,cavs,12,L,-40,,nba,
4/9/2018,gabe,42,40,under,over,222.5,L,-42,knicks_cavs,nba,
4/9/2018,gabe,40,40,nets,bulls,-6.5,W,40,,nba,
4/9/2018,gabe,42,40,under,over,217,L,-42,nets_bulls,nba,
4/9/2018,gabe,40,40,thunder,heat,-4.5,W,40,,nba,
4/9/2018,gabe,40,40,over,under,212.5,L,-40,thunder_heat,nba,
4/9/2018,gabe,40,40,grizzlies,timberwolves,16,L,-40,,nba,
4/9/2018,gabe,42,40,under,over,213.5,W,40,grizzlies_timberwolves,nba,
4/9/2018,gabe,40,40,bucks,magic,-10,W,40,,nba,
4/9/2018,gabe,40,40,over,under,209,L,-40,bucks_magic,nba,
4/9/2018,gabe,40,40,kings,spurs,14,W,40,,nba,
4/9/2018,gabe,42,40,under,over,201,W,40,kings_spurs,nba,
4/9/2018,gabe,40,40,trailblazers,nuggets,4.5,L,-40,,nba,
4/9/2018,gabe,40,40,over,under,219.5,L,-40,trailblazers_nuggets,nba,
4/9/2018,gabe,40,40,clippers,pelicans,8.5,L,-40,,nba,
4/9/2018,gabe,42,40,under,over,224,W,40,clippers_pelicans,nba,
4/11/2018,gabe,40,40,heat,raptors,-4.5,W,40,,nba,
4/11/2018,gabe,42,40,under,over,202.5,L,-42,heat_raptors,nba,
4/11/2018,gabe,40,40,knicks,cavs,14,W,40,,nba,
4/11/2018,gabe,42,40,under,over,220,W,40,knicks_cavs,nba,
4/11/2018,gabe,40,40,76ers,bucks,-6.5,W,40,,nba,
4/11/2018,gabe,42,40,under,over,220,L,-42,76ers_bucks,nba,
4/11/2018,gabe,40,40,timberwolves,nuggets,-3.5,W,40,,nba,
4/11/2018,gabe,42,40,under,over,216,L,-42,timberwolves_nuggets,nba,
4/11/2018,gabe,40,40,thunder,grizzlies,-16.5,L,-40,,nba,
4/11/2018,gabe,42,40,under,over,212.5,L,-42,thunder_grizzlies,nba,
4/11/2018,gabe,40,40,spurs,pelicans,4,L,-40,,nba,
4/11/2018,gabe,42,40,under,over,211.5,L,-40,spurs_pelicans,nba,
4/11/2018,gabe,40,40,wizards,magic,-5.5,L,-40,,nba,
4/11/2018,gabe,42,40,under,over,204.5,W,40,wizards_magic,nba,
4/11/2018,gabe,40,40,celtics,nets,2,W,40,,nba,
4/11/2018,gabe,42,40,under,over,206,L,-42,celtics_nets,nba,
4/11/2018,gabe,40,40,bulls,pistons,4,L,-40,,nba,
4/11/2018,gabe,40,40,under,over,212.5,W,40,bulls_pistons,nba,
4/11/2018,gabe,40,40,trailblazers,jazz,-3.5,W,40,,nba,
4/11/2018,gabe,40,40,over,under,202,L,-40,trailblazers_jazz,nba,
4/11/2018,gabe,40,40,kings,rockets,3.5,W,40,,nba,
4/11/2018,gabe,40,40,over,under,203,L,-40,kings_rockets,nba,
4/11/2018,gabe,40,40,clippers,lakers,-2.5,L,-40,,nba,
4/11/2018,gabe,40,40,over,under,217,L,-40,clippers_lakers,nba,
4/14/2018,gabe,50,50,spurs,warriors,7.5,L,-50,,nba,
4/14/2018,gabe,53,50,under,over,206,W,50,spurs_warriors,nba,
4/14/2018,gabe,50,50,wizards,raptors,8,P,0,,nba,
4/14/2018,gabe,53,50,under,over,212.5,L,-53,wizards_raptors,nba,
4/14/2018,gabe,50,50,76ers,heat,-6,W,50,,nba,
4/14/2018,gabe,53,50,under,over,214.5,L,-53,76ers_heat,nba,
4/14/2018,gabe,50,50,trailblazers,pelicans,-5,L,-50,,nba,
4/14/2018,gabe,50,50,over,under,217.5,L,-50,trailblazers_pelicans,nba,
4/15/2018,gabe,40,40,celtics,bucks,-4,W,40,,nba,
4/15/2018,gabe,40,40,over,under,200.5,W,40,celtics_bucks,nba,
4/15/2018,gabe,40,40,cavs,pacers,-7,L,-40,,nba,
4/15/2018,gabe,42,40,under,over,213,W,40,cavs_pacers,nba,
4/15/2018,gabe,40,40,thunder,jazz,-4,W,40,,nba,
4/15/2018,gabe,42,40,under,over,205,L,-42,thunder_jazz,nba,
4/15/2018,gabe,40,40,rockets,timberwolves,-11,L,-40,,nba,
4/15/2018,gabe,42,40,under,over,214.5,W,40,rockets_timberwolves,nba,
4/16/2018,gabe,50,50,heat,76ers,6.5,W,50,,nba,
4/16/2018,gabe,52,50,under,over,215.5,L,-53,heat_76ers,nba,
4/16/2018,gabe,50,50,warriors,spurs,-9.5,W,50,,nba,
4/16/2018,gabe,50,50,over,under,205.5,W,50,warriors_spurs,nba,
4/17/2018,gabe,50,50,wizards,raptors,7,L,-50,,nba,
4/17/2018,gabe,53,50,under,over,213.5,L,-53,wizards_raptors,nba,
4/17/2018,gabe,50,50,bucks,celtics,2,L,-50,,nba,
4/17/2018,gabe,53,50,under,over,198.5,L,-53,bucks_celtics,nba,
4/17/2018,gabe,50,50,trailblazers,pelicans,-6,L,-50,,nba,
4/17/2018,gabe,53,50,under,over,214,W,50,trailblazers_pelicans,nba,
4/18/2018,gabe,50,50,cavs,pacers,-7,L,-50,,nba,
4/18/2018,gabe,53,50,under,over,211.5,W,50,cavs_pacers,nba,
4/18/2018,gabe,50,50,thunder,jazz,-4.5,L,-50,,nba,
4/18/2018,gabe,53,50,under,over,207.5,W,50,thunder_jazz,nba,
4/18/2018,gabe,50,50,timberwolves,rockets,10.5,L,-50,,nba,
4/18/2018,gabe,53,50,under,over,214.5,W,50,timberwolves_rockets,nba,
4/19/2018,gabe,50,50,heat,76ers,2.5,L,-50,,nba,
4/19/2018,gabe,53,50,under,over,214.5,L,-53,heat_76ers,nba,
4/19/2018,gabe,50,50,trailblazers,pelicans,3.5,L,-50,,nba,
4/19/2018,gabe,50,50,over,under,214.5,W,50,trailblazers,nba,
4/19/2018,gabe,50,50,spurs,warriors,3.5,L,-50,,nba,
4/19/2018,gabe,53,50,under,over,206,L,-53,spurs_warriors,nba,
4/20/2018,gabe,75,75,cavs,pacers,1,L,-75,,nba,
4/20/2018,gabe,79,75,under,over,208.5,W,75,cavs_pacers,nba,
4/20/2018,gabe,75,75,raptors,wizards,1.5,L,-75,,nba,
4/20/2018,gabe,79,75,under,over,218,L,-79,raptors_wizards,nba,
4/20/2018,gabe,75,75,celtics,bucks,5.5,L,-75,,nba,
4/20/2018,gabe,75,75,over,under,204.5,W,75,celtics_bucks,nba,
4/21/2018,gabe,50,50,76ers,heat,-4,P,0,,nba,
4/21/2018,gabe,50,50,over,under,208,L,-50,76ers_heat,nba,
4/21/2018,gabe,50,50,trailblazers,pelicans,7,L,-50,,nba,
4/21/2018,gabe,53,50,under,over,217,L,-53,trailblazers_pelicans,nba,
4/21/2018,gabe,50,50,rockets,timberwolves,-5.5,L,-50,,nba,
4/21/2018,gabe,53,50,under,over,215.5,L,-53,rockets_pelicans,nba,
4/21/2018,gabe,50,50,thunder,jazz,5,L,-50,,nba,
4/21/2018,gabe,53,50,under,over,208.5,L,-50,thunder_jazz,nba,
4/22/2018,gabe,50,50,bucks,celtics,-5.5,L,-50,,nba,
4/22/2018,gabe,50,50,over,under,203.5,W,50,bucks_celtics,nba,
4/22/2018,gabe,50,50,warriors,spurs,-6.5,L,-50,,nba,
4/22/2018,gabe,50,50,over,under,205.5,L,-50,warriors_spurs,nba,
4/22/2018,gabe,50,50,raptors,wizards,-2,L,-50,,nba,
4/22/2018,gabe,50,50,under,over,217,W,50,raptors_wizards,nba,
4/22/2018,gabe,50,50,cavs,pacers,-1,W,50,,nba,
4/22/2018,gabe,50,50,over,under,203.5,W,50,cavs_pacers,nba,
4/23/2018,gabe,75,75,rockets,timberwolves,-6,W,75,,nba,
4/23/2018,gabe,75,75,over,under,217,W,75,rockets_timberwolves,nba,
4/23/2018,gabe,75,75,thunder,jazz,4.5,L,-75,,nba,
4/23/2018,gabe,79,75,under,over,208.5,L,-79,thunder_jazz,nba,
4/24/2018,gabe,75,75,bucks,celtics,4,L,-75,,nba,
4/24/2018,gabe,79,75,under,over,203,W,75,bucks_celtics,nba,
4/24/2018,gabe,75,75,heat,76ers,10,L,-75,,nba,
4/24/2018,gabe,79,75,under,over,215,W,75,heat_76ers,nba,
4/24/2018,gabe,75,75,spurs,warriors,11.5,W,75,,nba,
4/24/2018,gabe,75,75,over,under,203.5,L,-75,spurs_warriors,nba,
4/25/2018,gabe,75,75,wizards,raptors,7.5,L,-75,,nba,
4/25/2018,gabe,75,75,over,under,215.5,L,-75,wizards_raptors,nba,
4/25/2018,gabe,75,75,pacers,cavs,6,W,75,,nba,
4/25/2018,gabe,79,75,under,over,205.5,W,75,pacers_cavs,nba,
4/25/2018,gabe,75,75,rockets,timberwolves,-12,W,75,,nba,
4/25/2018,gabe,79,75,under,over,216.5,L,-79,rockets_timberwolves,nba,
4/25/2018,gabe,75,75,thunder,jazz,-3.5,W,75,,nba,
4/25/2018,gabe,79,75,under,over,207.5,W,75,thunder_jazz,nba,
4/26/2018,gabe,75,75,celtics,bucks,4.5,L,-75,,nba,
4/26/2018,gabe,79,75,under,over,201,W,75,celtics_bucks,nba,
4/27/2018,gabe,75,75,raptors,wizards,1.5,W,75,,nba,
4/27/2018,gabe,79,75,under,over,214.5,W,75,raptors_wizards,nba,
4/27/2018,gabe,75,75,cavs,pacers,1,L,-75,,nba,
4/27/2018,gabe,79,75,under,over,204,L,-79,cavs_pacers,nba,
4/27/2018,gabe,75,75,thunder,jazz,6.5,W,75,,nba,
4/27/2018,gabe,79,75,under,over,207.5,W,75,thunder_jazz,nba,
4/28/2018,gabe,75,75,pelicans,warriors,9.5,L,-75,,nba,
4/28/2018,gabe,75,75,over,under,225.5,L,-75,pelicans_warriors,nba,
4/28/2018,gabe,75,75,bucks,celtics,5,L,-75,,nba,
4/28/2018,gabe,75,75,over,under,196.5,W,75,bucks_celtics,nba,
4/30/2018,gabe,75,75,76ers,celtics,-4.5,L,-75,,nba,
4/30/2018,gabe,75,79,over,under,205,W,75,76ers_celtics,nba,
5/1/2018,gabe,75,75,raptors,cavs,-7,L,-75,,nba,
5/1/2018,gabe,75,75,over,under,214,W,75,raptors_cavs,nba,
5/1/2018,gabe,75,75,warriors,pelicans,-10.5,L,-75,,nba,
5/1/2018,gabe,75,75,over,under,228.5,W,75,warriors_pelicans,nba,
5/2/2018,gabe,75,75,rockets,jazz,-11,L,-75,,nba,
5/2/2018,gabe,75,75,over,under,204,W,75,rockets_jazz,nba,
5/3/2018,gabe,75,75,76ers,celtics,-4.5,L,-75,,nba,
5/3/2018,gabe,79,75,under,over,206.5,L,-79,76ers_celtics,nba,
5/3/2018,gabe,75,75,raptors,cavs,-6.5,L,-75,,nba,
5/3/2018,gabe,79,75,under,over,212.5,L,-79,raptors_cavs,nba,
5/4/2018,gabe,75,75,rockets,jazz,-4.5,W,75,,nba,
5/4/2018,gabe,75,75,under,over,209,W,75,rockets_jazz,nba,
5/5/2018,gabe,75,75,raptors,cavs,4,W,75,,nba,
5/5/2018,gabe,75,75,under,over,214.5,W,75,raptors_cavs,nba,
5/6/2018,gabe,75,75,jazz,rockets,5.5,L,-75,,nba,
5/6/2018,gabe,79,75,under,over,209.5,W,75,jazz_rockets,nba,
5/7/2018,gabe,75,75,76ers,celtics,-6.5,W,75,,nba,
5/7/2018,gabe,75,75,over,under,205,L,-75,76ers_celtics,nba,
5/7/2018,gabe,75,75,raptors,cavs,5,L,-75,,nba,
5/7/2018,gabe,79,75,under,over,213.5,L,-79,raptors_cavs,nba,
5/8/2018,gabe,75,75,jazz,rockets,11.5,W,75,,nba,
5/8/2018,gabe,79,75,under,over,207.5,L,-79,jazz_rockets,nba,
5/8/2018,gabe,75,75,warriors,pelicans,-11.5,L,-75,,nba,
5/8/2018,gabe,79,75,under,over,228,W,75,warriors_pelicans,nba,
5/9/2018,gabe,75,75,76ers,celtics,1,L,-75,,nba,
5/9/2018,gabe,75,75,over,under,204.5,W,75,76ers_celtics,nba,